0,Apartment in Ioannina,Ivory Hut - Blue Allure Suite,2 beds,Jan 9 – 14,4.95,186,86
1,Apartment in Ioannina,Ivory Hut - Shade of Gray Suite,2 beds,Jan 15 – 20,4.83,120,77
2,Home in Ioannina,Cozy Central Courtyard Home (By The Lake),2 beds,Jan 9 – 14,4.9,228,41
3,Apartment in Ioannina,Cozy apartment between the lake and city center,2 beds,Jan 8 – 13,4.93,87,72
4,Apartment in Ioannina,Ioannina Candy Studio,2 beds,Jan 25 – Feb 1,4.89,91,41
5,Condo in Ioannina,Lovely apartment in Janina frog 2,1 bed,Jan 9 – 15,4.93,29,76
6,Home in Ioannina,Studio-Garsoniera in Ioannina,3 beds,Jan 10 – 16,4.77,148,36
7,Apartment in Ioannina,Rooftop Apartment with Garden in Ioannina,1 double bed,Jan 8 – 13,4.8,138,49
8,Apartment in Ioannina,Panoramic tarrace small studio,1 bed,Jan 16 – 21,4.82,273,41
9,Apartment in Ioannina,Black & Yellow Apartment at City Center,1 double bed,Jan 16 – 21,4.93,109,59
10,Loft in Ioannina,Loft overlooking Lake,2 beds,Jan 8 – 13,4.86,155,59
11,Condo in Ioannina,MIDTOWN FROG1 APARTMENT,1 bed,Jan 17 – 22,4.95,19,77
12,Treehouse in Ioannina,The Bird's Nest ! (Treehouse),2 beds,Feb 12 – 18,5.0,24,76
13,Condo in Ioannina,Wonderful studio in the heart of the city!!,1 double bed,Jan 8 – 13,4.91,103,72
14,Condo in Ioannina,Aelia Apartment 1 Ioannina,2 beds,Jan 24 – 29,New,0,63
15,Condo in Ioannina,KAITIS HOME,3 beds,Jan 13 – 19,4.92,38,44
16,Ranch in Ioannina,The Rancho Relaxo,2 beds,Mar 12 – 17,4.95,57,71
17,Condo in Ioannina,Luxury apartment in the center of Ioannina city,2 beds,Jan 15 – 20,4.86,69,60
18,Apartment in Ioannina,Elegant apartment in Ioannina,1 double bed,Jan 22 – 27,4.86,133,52
19,Condo in Ioannina,Littel studio,1 bed,Jan 7 – 12,New,0,86
20,Condo in Ioannina,Alyvia Central Apartment 1,2 beds,Jan 16 – 21,5.0,5,69
21,Apartment in Ioannina,Ivory Hut - Vibrant Suite,2 beds,Jan 21 – 26,4.94,235,78
22,Home in Ioannina,Studio-Studio in Ioannina  Ampelokipi,2 beds,Jan 11 – 16,4.79,313,36
23,Apartment in Ioannina,Christine's Loft,2 beds,Jan 12 – 17,5.0,24,53
24,Condo in Ioannina,Central studio,2 single beds,Feb 18 – 23,4.8,25,35
25,Condo in Ioannina,Room B8,2 beds,Jan 15 – 20,4.93,15,54
26,Condo in Ioannina,Beautiful downtown studio!,1 bed,Jan 9 – 14,4.6,10,52
27,Apartment in Ioannina,Sunny apartment-Apartment45m2 in the square of Pargis,2 beds,Jan 30 – Feb 4,4.9,58,50
28,Loft in Ioannina,View lake attic in Ioannina,2 beds,Jan 9 – 14,4.82,142,52
29,Apartment in Ioannina,Rustic & Cozy Studio in Historical City Center,1 king bed,Apr 2 – 7,4.51,129,66
30,Condo in Ioannina,Lozia Studio-Chic DT Studio with Free parking,1 double bed,Jan 8 – 13,5.0,3,73
31,Condo in Ioannina,Eleana Convenient Studio Ampelokipi  Chatzikosta.,2 beds,Jan 10 – 15,4.92,110,38
32,Chalet in Ioannina,The Happy Cottage,3 beds,Jan 31 – Feb 7,4.95,135,53
33,Apartment in Ioannina,Modern and Newly Built Apartment,2 beds,Jan 8 – 13,4.96,114,54
34,Condo in Ioannina,Relaxing 2 Bdr. Apartment,3 beds,Jan 15 – 20,4.79,29,47
35,Apartment in Ιωαννινα,Minimal Studio in Ioannina,1 double bed,Jan 24 – 30,4.75,179,30
36,Apartment in Ioannina,MA2 Unique Renovated City Center Studio,1 queen bed,Jan 19 – 24,4.85,112,47
37,Apartment in Perama,Peace Studio,2 beds,Jan 8 – 13,New,0,50
38,Apartment in Ioannina,Ioannina Center Luxury Suite,4 beds,Jan 22 – 27,New,0,62
39,Condo in Ioannina,MyPLACE Premium Apartments,1 bed,Jan 8 – 13,New,0,72
40,Home in Ioannina,Cave House near by The Lake,3 beds,Jan 21 – 26,4.86,121,77
41,Apartment in Ioannina,Valmo's Place 3,2 beds,Jan 9 – 14,New,0,44
42,Home in Lingiades,Lake view,2 beds,Jan 9 – 14,4.92,86,76
43,Condo in Ioannina,Luxury Loft Kalu Tsesme B,1 bed,Jan 8 – 13,4.67,3,56
44,Loft in Ioannina,Central Attic - Mary's Dream Home,1 bed,Jan 15 – 20,5.0,41,63
45,Apartment in Ioannina,Agora Boutique Apartments Ioannina,1 bed,Jan 22 – 27,4.78,55,59
46,Apartment in Anatoli,Modern and spacious studio,2 beds,Jan 8 – 14,4.77,61,45
47,Condo in Ioannina,Apartment with a view  city center,1 bed,Jan 9 – 16,4.67,15,50
48,Apartment in Ioannina,Studio 'Pat house' in downtown Ioannina,2 beds,Jan 16 – 21,4.89,116,47
49,Home in Ioannina,Little house with private parking and garden,1 double bed,Jan 8 – 13,4.97,34,71
50,Apartment in Ioannina,Luxury apartment with outdoor hot tub,2 beds,Jan 22 – 27,5.0,3,154
51,Condo in Ioannina,Ioannina Hug a cozy apartment in the center.,2 beds,Jan 8 – 13,5.0,11,83
52,Cabin in Ιωάννινα,Chalet Klimatia - Beautiful wooden duplex with fireplace,3 beds,Jan 15 – 20,5.0,11,83
53,Apartment in Ioannina,Flying bed appartment (A2),4 beds,Jan 10 – 15,4.73,81,72
54,Condo in Ioannina,Welcoming apartment in the center of the Yuanines,2 beds,Jan 8 – 13,4.77,30,73
55,Condo in Ioannina,Aelia Apartment 2 Ioannina,2 beds,Jan 8 – 14,New,0,60
56,Apartment in Neochoropoulo,Studio by the University and the Hospital,1 double bed,Jan 10 – 16,4.94,31,39
57,Apartment in Ioannina,Industrial Black & White Studio Historical Center,1 king bed,Mar 26 – 31,4.59,68,62
58,Condo in Ioannina,Spacious studio with garden and city view.,1 double bed,Jan 9 – 14,4.79,58,66
59,Apartment in Ioannina,Center,1 bed,Feb 8 – 13,4.67,3,59
60,Apartment in Ioannina,Comfy & stylish apt in Ioannina with fire place,1 queen bed,Jan 15 – 20,5.0,24,87
61,Home in Kato Marmara,Sunny studio with great view and yard!!!,1 bed,Jan 8 – 13,5.0,10,71
62,Condo in Ioannina,Luxurious maisonette in Ioannina,4 beds,Feb 12 – 17,4.96,53,107
63,Condo in Ioannina,Luxury Loft Kalu Tsesme,2 beds,Jan 21 – 28,4.86,22,55
64,Apartment in Ioannina,Lake view apartment,2 beds,Jan 21 – 26,4.91,200,69
65,Condo in Ioannina,Alexandra 2 Apartment Ioannina,4 beds,Jan 8 – 13,4.87,30,75
66,Apartment in Ioannina,Valmo's Place 2,3 beds,Jan 8 – 15,4.75,4,53
67,Condo in Ioannina,Lydia's City View Apartment,2 beds,Jan 8 – 13,4.75,4,53
68,Apartment in Ioannina,VALMO'S PLACE,2 beds,Jan 9 – 14,4.82,91,50
69,Condo in Ioannina,Brosi -Apartment 35m2 in the square of Pargis,2 beds,Feb 10 – 15,4.92,100,47
70,Apartment in Ιωαννινα,Modern and beautiful apartment in Ioannina,2 double beds,Feb 12 – 17,4.85,148,57
71,Apartment in Ioannina,QUIET CONDOMINIUM,2 beds,Jan 10 – 15,New,0,55
72,Apartment in Ioannina,Ioannina In -Central & modern apt 36m2 / lake view,2 beds,Jan 19 – 24,4.98,64,67
73,Condo in Ioannina,MadaM 2 - elegant  cozy  comfortable  central,2 beds,Jan 11 – 16,4.8,5,71
74,Apartment in Ioannina,City Center Flat - In the most central spot,2 single beds,Jan 8 – 13,4.88,112,69
75,Condo in Ioannina,BohoII (Small apartment in the center of the city),1 double bed,Jan 8 – 13,4.88,8,57
76,Apartment in Ioannina,New Cozy Home at the Center,1 bed,Jan 19 – 24,New,0,51
77,Home in Ioannina,Evrianthi sleeping accommodation,3 beds,Jan 9 – 14,New,0,73
78,Home in Katsikas,Spacious apartment in Ioannina  Katsikas.,4 beds,Jan 8 – 13,4.98,40,52
79,Apartment in Ioannina,Plane Tree Luxury Suites,2 beds,Jan 10 – 15,New,0,99
80,Apartment in Anatoli,OMNI HOUSE,1 queen bed,Jan 8 – 13,4.96,28,116
81,Home in Ioannina,Olivia's House Ioannina,2 beds,Jan 8 – 15,New,0,78
82,Condo in Kardamitsia,Lovely  cosy loft apartment,2 beds,Jan 8 – 13,5.0,5,56
83,Apartment in Ioannina,sweet home ioannina 2,2 beds,Jan 10 – 15,5.0,5,56
84,Condo in Ioannina,City Center Apartment,4 beds,Jan 8 – 13,5.0,6,80
85,Condo in Ioannina,Modern  100m2 central apartment with parking.,2 beds,Jan 11 – 16,4.95,37,94
86,Condo in Ioannina,Urbanica -Arrondissement of 40m2 in Parroquia Parroquia,1 bed,Feb 5 – 10,5.0,15,39
87,Guesthouse in Katsikas,A&B My Sweet Home 1,2 beds,Jan 10 – 15,4.9,20,42
88,Cabin in Exochi,Ioannina  wooden detached house.,2 beds,Jan 8 – 13,4.93,120,77
89,Apartment in Ioannina,central square apartment,1 queen bed,Feb 4 – 9,5.0,54,58
90,Condo in Anatoli,sweet home ioannina,2 beds,Jan 8 – 13,4.78,23,81
91,Condo in Ioannina,Dwell house,2 beds,Jan 16 – 23,New,0,80
92,Apartment in Ioannina,Ioannina's Sweet studio,1 double bed,Jan 10 – 15,4.48,85,40
93,Condo in Ioannina,Cozy apartment near the hospital,1 bed,Jan 25 – 30,4.73,11,43
94,Condo in Ioannina,CiTY NEST,4 beds,Jan 7 – 12,New,0,157
95,Apartment in Ioannina,Paris's Central Studio in Ioannina.,2 beds,Jan 16 – 21,4.94,157,51
96,Chalet in Episkopiko,Chalet Episcopic Janina. Wooden house on property.,2 beds,Jan 8 – 13,New,0,83
97,Apartment in Ioannina,LITTLE COCOON,1 double bed,Feb 9 – 14,4.83,69,31
98,Apartment in Ioannina,''Olive House'' a fully renovated studio,1 bed,Feb 3 – 8,5.0,75,47
99,Apartment in Ioannina,Beautiful Studio Downtown Ioannina,1 bed,Jan 17 – 22,4.92,87,49
100,Tiny home in Ioannina,Very central renovated studio,1 bed,Jan 9 – 14,4.84,45,71
101,Chalet in Demati,Zagori traditional house  Jacuzzi and amazing view,3 beds,Jan 8 – 13,4.93,121,135
102,Apartment in Velissarios,Dream Apartment Ioannina,3 beds,Jan 8 – 13,New,0,57
103,Condo in GR,Elegant studio and yard,1 double bed,Jan 8 – 13,4.97,36,46
104,Apartment in Ioannina,We’ll designed Apartment in Ioannina,1 double bed,May 1 – 6,4.77,79,40
105,Guesthouse in Katsikas,A&B My Sweet Home 2,2 beds,Jan 10 – 15,5.0,32,42
106,Loft in Ioannina,Central Luxury Romantic Suite,1 bed,Jan 17 – 22,4.75,4,87
107,Villa in Ligkiades,Ktima Papadimitriou,2 beds,Jan 14 – 19,4.98,48,147
108,Apartment in Ioannina,Comfy apartment 70 sqm close to downtown,2 double beds,Jan 13 – 18,4.89,101,47
109,Condo in Anatoli,Lovely and comfortable apartment .,2 beds,Jan 7 – 12,5.0,12,97
110,Condo in Kato Neochoropoulo,Studio apartment of 29 sqm modern and spacious,1 bed,Jan 8 – 13,New,0,44
111,Condo in Pedini,Apartment-STUDIO.,1 double bed,Jan 8 – 13,4.9,10,60
112,Condo in Ioannina,Alyvia Central Apartment 2,2 beds,Jan 15 – 22,4.6,5,60
113,Private room in Ioannina,Sunny Retreat with a Garden-Terrace_Private Room,1 double bed,Jan 9 – 14,4.85,41,51
114,Apartment in Ioannina,Christine's Golden Suite at Ioannina's Center,3 beds,Jan 9 – 14,4.95,76,117
115,Loft in Ioannina,Cosy Apartment in City Centre,2 beds,Jan 15 – 20,4.88,41,71
116,Apartment in Ioannina,Agora Boutique Apartments Ioannina,2 double beds,Jan 22 – 28,4.5,26,59
117,Apartment in Anatoli,Σοφίτα  Ευφροσύνη,2 beds,Jan 8 – 13,New,0,69
118,Apartment in Ioannina,Saki Apartment,2 beds,Jan 8 – 13,5.0,3,96
119,Apartment in Katsikas,Beautiful Minimalist Loft With A Great Lake View,2 beds,Jan 8 – 14,4.94,34,73
120,Apartment in Ioannina,San Francisco Loft No1,2 beds,Jan 8 – 13,New,0,148
121,Condo in Ioannina,MadaM 1 - elegant  cozy  comfortable  central,2 beds,Jan 20 – 25,4.88,8,62
122,Apartment in Ioannina,Studio Ionina,1 bed,Jan 16 – 21,4.83,23,54
123,Condo in Ioannina,Central apartment with fireplace and private parking,3 beds,Jan 8 – 13,4.83,23,54
124,Condo in Ioannina,Filoxenia Luxury Home Ioannina,3 beds,Jan 8 – 14,5.0,15,148
125,Condo in Velissarios,Unique Apartment Ioannina,2 beds,Jan 8 – 13,New,0,64
126,Apartment in Anatoli,Spacious apartment in Ioannina  Anatoli,2 single beds,Jan 13 – 18,4.94,172,44
127,Home in Ioannina,Homes near the lake with parking,3 beds,Jan 18 – 23,4.94,269,71
128,Home in Ioannina,The Traditional Stone House!,3 beds,Mar 1 – 6,4.9,187,42
129,Apartment in Ιωάννινα,COSY APPARTMENT NEAR THE CENTRE,2 beds,Jan 8 – 15,4.89,27,106
130,Condo in Kato Marmara,Modern apartment with city view,1 bed,Jan 8 – 13,5.0,5,73
131,Home in Anatoli,Cozy Modern Studio,3 beds,Jan 12 – 17,4.9,73,45
132,Home in Anatoli,Spacious maisonette in Ioannina,1 double bed,Jan 12 – 17,4.85,129,50
133,Home in Koutselio,Ioannina Cozy Retreat,2 beds,Jan 8 – 13,4.88,43,65
134,Apartment in Rodotopi,Eugenia Apartment,5 beds,Jan 15 – 20,4.98,126,49
135,Apartment in Ioannina,Boutique at Historic Centrum,1 queen bed,Jan 8 – 13,5.0,9,92
136,Apartment in Ioannina,Cosy studio in Ioannina City center,1 double bed,Jan 9 – 14,4.64,56,44
137,Apartment in Ioannina,Georgia Apartment,3 beds,Jan 21 – 27,4.98,114,53
138,Apartment in Ioannina,French Country in Ioannina city center,1 king bed,Jan 12 – 17,4.85,143,79
139,Condo in Ioannina,George’s apartment,2 beds,Jan 8 – 13,4.88,8,89
140,Home in Ampelia,Modern place to stay in Janina,1 bed,Jan 8 – 13,New,0,65
141,Apartment in Ioannina,2 Bedrooms-Perfect Center Location-Amazing View,3 beds,Jan 8 – 13,4.88,50,102
142,Apartment in Eleousa,New Loft Polixeni,4 beds,Jan 8 – 13,4.96,140,59
143,Apartment in Ioannina,City Life Apartments #2,1 double bed,Jan 9 – 14,4.9,49,110
144,Apartment in Ioannina,Central Appartment (Α1),3 beds,Jan 15 – 21,4.66,100,65
145,Apartment in Ioannina,Downtown. In the heart of the city.,6 beds,Jan 10 – 15,4.89,116,65
146,Treehouse in Ioannina,The Bird's Nest Treehouse,2 beds,Feb 12 – 18,4.89,116,65
147,Apartment in Ioannina,"Apartment In Ioannina ""Chez photis""",1 double bed,Jan 8 – 14,4.89,177,59
148,Cottage in Anatoli,Farm House Ioannina,1 double bed,Jan 8 – 14,4.79,24,59
149,Home in Velissarios,My home,2 beds,Jan 15 – 20,New,0,85
150,Condo in Ioannina,Guest home 1 Cozy apartment with fireplace,3 beds,Jan 8 – 13,4.75,4,95
151,Apartment in Ioannina,Andreas city center apartment,2 beds,Jan 8 – 14,New,0,90
152,Condo in Ioannina,CLIC - Comfort Luxury in Ioannina,2 beds,Jan 13 – 18,4.57,7,85
153,Apartment in Neochoropoulo,ΜΑ4 New Apartment Next To Hospital And University,1 sofa bed,Jan 10 – 15,4.86,22,51
154,Apartment in Ioannina,Country Chic in Ioannina city center,1 queen bed,Jan 13 – 18,4.93,121,78
155,Apartment in Ioannina,Ioannina Luxury 35 m2 Studio NETFLIX incl.,2 beds,Jan 8 – 14,4.91,11,74
156,Chalet in Ktistades,TZOUMERKA CHALET CALIVAS,2 beds,Jun 12 – 17,4.96,111,130
157,Apartment in Ioannina,A practical and comfortable two-bedroom,3 beds,Jan 7 – 14,4.71,17,36
158,Condo in Ioannina,STUDIO B2,1 queen bed,Jan 9 – 14,4.8,65,58
159,Condo in Ioannina,Modern House in the heart of the Mexican castle,5 beds,Jan 8 – 14,5.0,3,85
160,Home in Pedini,Peace & spacious house with backyard,3 beds,Jan 8 – 13,New,0,66
161,Apartment in Anatoli,Cozy stay in the center of the East,2 beds,Jan 7 – 12,4.9,21,91
162,Condo in Ioannina,WOOD & WHITE APPARTMENT WITH 2 BEDROOMS IN CENTER,2 beds,Jan 9 – 14,5.0,5,94
163,Condo in Ioannina,Katerina's apartment in Ioannina,1 bed,Mar 13 – 18,4.82,57,43
164,Apartment in Anatoli,Modern and spacious maisonette in Ioannina,1 double bed,Jan 12 – 17,4.81,64,50
165,Home in Katsikas,Three-bedroom apartment with two bedrooms  two bathrooms,3 beds,Jan 8 – 13,4.73,30,59
166,Apartment in Ioannina,Luxury Family Apartment,2 beds,Jan 8 – 13,4.73,30,59
167,Condo in Ioannina,Nicki House Ι,1 queen bed,Jan 8 – 13,5.0,10,83
168,Apartment in Ioannina,October Luxury Apartments,1 bed,Jan 9 – 14,New,0,85
169,Vacation home in Ioannina,@LAKE STUDIO,2 beds,Jan 8 – 13,New,0,85
170,Condo in Ioannina,2 BDR Apartment B3,4 beds,Jan 8 – 13,New,0,85
171,Apartment in Ioannina,Spacious apartment with courtyard,4 beds,Jan 8 – 13,4.61,49,51
172,Condo in Ioannina,Koel,4 beds,Jan 8 – 13,5.0,5,146
173,Condo in Ioannina,City Life Apartments #1,1 queen bed,Jan 8 – 13,4.86,36,136
174,Condo in Ioannina,Mike's Roof ioannina,2 beds,Jan 10 – 15,5.0,5,101
175,Home in Ioannina,In The Castle II House,1 bed,Jan 8 – 13,5.0,5,101
176,Condo in Ioannina,Nikos home.,2 single beds,Jan 8 – 13,5.0,4,60
177,Home in Vounoplagia,Comfortable House with fireplace near Airport,2 beds,Jan 8 – 13,5.0,4,56
178,Condo in Ioannina,Own 's Luxury Loft,3 beds,Jan 10 – 15,4.71,7,106
179,Condo in Velissarios,My Oneiro City Apartments - One Bedroom,1 bed,Jan 8 – 13,5.0,3,67
180,Home in Ioannina,Sunny studio with great view and yard.,1 queen bed,Feb 13 – 18,4.94,214,67
181,Condo in Exochi,M Home Place,2 beds,Jan 8 – 13,5.0,10,103
182,Apartment in Ioannina,San Francisco Loft No2,3 beds,Jan 8 – 13,New,0,197
183,Home in Mantio,Villa 18,2 beds,Jan 8 – 13,New,0,235
184,Home in Ioannina,Detached house with garden in the city center,2 beds,Jan 8 – 13,New,0,130
185,Hotel room in Neochoropoulo,Junior Suite- Golden Suites & Spa,4 beds,Jan 8 – 15,4.75,4,86
186,Home in Ioannina,locanta,3 beds,Jan 9 – 14,New,0,147
187,Condo in Ioannina,Cozy  central penthouse with panoramic views,2 beds,Jan 8 – 14,4.67,3,175
188,Apartment in Ioannina,CHAROULA'S,3 beds,Jan 8 – 13,4.95,93,85
189,Condo in Ioannina,Kristi Central Home.,1 king bed,Jan 15 – 22,4.85,13,53
190,Apartment in Anatoli,Clio Luxury Studio Apartment,1 bed,Jan 14 – 19,4.85,13,53
191,Condo in Ioannina,Diana's cozy 3 studio,2 beds,Feb 15 – 22,4.67,9,38
192,Apartment in Ioannina,Ioannina 2-bedroom apartment,3 beds,Jan 8 – 13,5.0,8,118
193,Apartment in Ioannina,city center maisonette ioannina,1 queen bed,Feb 5 – 10,4.83,31,91
194,Guesthouse in Krifovo,“ spitaki”,1 double bed,Jan 9 – 14,4.83,31,91
195,Condo in Kato Neochoropoulo,Laida place,2 beds,Jan 8 – 13,4.15,20,38
196,Condo in Pedini,Dream House Ioannina,1 bed,Jan 9 – 14,5.0,9,61
197,Apartment in Kardamitsia,Cozy modern apartment,2 beds,Jan 8 – 13,5.0,7,85
198,Apartment in Ioannina,Downtown Luxury Apartments 34,1 bed,Jan 9 – 14,New,0,89
199,Apartment in Ioannina,Unique guest house,1 bed,Jan 15 – 20,New,0,54
200,Condo in Ioannina,Ground floor apartment with courtyard 3km from center,1 bed,Jan 8 – 13,5.0,5,106
201,Condo in Ioannina,Cozy apartment with fireplace,1 double bed,Jan 8 – 13,4.38,13,51
202,Apartment in Ioannina,Ili's place,2 beds,Jan 8 – 14,New,0,72
203,Apartment in Ioannina,Comfy urban apartment,2 king beds,Jan 9 – 14,New,0,150
204,Cottage in Ioannina,Lake view home with Fireplace near Ioannina,3 beds,Jan 13 – 18,4.93,30,96
205,Apartment in Ioannina,Luxury apartment with 3 bedrooms close to the lake,4 beds,Jan 15 – 20,4.8,55,145
206,Condo in Ioannina,Superior-modern and comfortable apartment downtown,3 beds,Jan 9 – 14,New,0,148
207,Apartment in Ioannina,October Luxury Apartments Studio,1 bed,Jan 8 – 13,New,0,83
208,Condo in Ioannina,Small apartment in the center of the Yuanines,3 beds,Apr 24 – May 1,4.89,9,46
209,Condo in Ioannina,Vasiliki Loft,3 beds,Jan 10 – 16,4.89,9,98
210,Apartment in Ioannina,Bill Crib,1 sofa bed,Feb 11 – 16,4.95,22,33
211,Townhouse in Amos,Holiday home with fireplace,4 beds,Jan 9 – 14,4.86,7,86
212,Apartment in Pedini,Ma Maison/Comfortable and dreamy studio under home,2 beds,Jan 15 – 20,4.89,57,43
213,Condo in Anatoli,Newly built 1st floor apartment in two-storey house,6 beds,Jan 10 – 15,5.0,12,148
214,Condo in Kria,Sunny apartment with view and backyard.,3 beds,Jan 8 – 13,5.0,12,73
215,Condo in Ioannina,themi's home,1 bed,Jan 8 – 13,4.62,13,100
216,Apartment in Kardamitsia,Elegant apartment with mountain view,3 beds,Jan 8 – 13,4.77,13,85
217,Apartment in Ioannina,Ioannina Luxury 45m2 Studio NETFLIX Incl.,2 sofa beds,Jan 9 – 14,5.0,12,79
218,Condo in Katsikas,Flat with garden in a suburb of Ioannina city,2 beds,Jan 9 – 14,5.0,6,52
219,Home in Chouliarades,Chouliarades Tzoumerkon,2 beds,Jan 8 – 13,4.64,25,52
220,Apartment in Ioannina,V&L Sunset 1,4 beds,Jan 8 – 13,5.0,10,63
221,Home in Raftanei,T apartments Jamurka,2 beds,Jan 8 – 13,4.9,10,69
222,Loft in Ioannina,Spacious loft with comfort and views,2 beds,Jan 10 – 15,4.91,65,63
223,Home in Pramanta,Remvi GUEST HOUSE,1 double bed,Jan 8 – 13,4.95,20,79
224,Apartment in Ioannina,City Center Ground Loft - Ioannina,4 beds,Jan 8 – 14,5.0,4,177
225,Condo in Ioannina,Guest home 2 cozy apt close to the city center,1 double bed,Jan 8 – 13,5.0,4,177
226,Home in Karies,Apartment near Zagorochoria,2 beds,Jan 15 – 20,New,0,81
227,Townhouse in Ioannina,Cozy autonomous stone house in the center  155 sqm,7 beds,Jan 9 – 15,4.95,40,175
228,Private room in Ioannina,Patriko Guesthouse Room no2,1 double bed,Jan 8 – 13,4.91,64,47
229,Home in Anatoli,Le-Lia's Place,4 beds,Jan 15 – 20,5.0,19,72
230,Apartment in Ioannina,Luxury Lake Apartment,3 beds,Jan 8 – 15,5.0,19,72
231,Condo in Ioannina,Santa Marina  Apartment in the center of the Mexican!,3 beds,Jan 15 – 20,5.0,3,85
232,Condo in Ioannina,Apartment by the castle,3 beds,Jan 16 – 21,New,0,98
233,Apartment in Pedini Ioannina,Amazing place in Pedini,2 beds,Feb 3 – 8,4.98,42,45
234,Private room in Ioannina,GuestHouse Patriko - Room 3,2 single beds,Jan 8 – 13,5.0,11,54
235,Apartment in Ioánnina,A Practical Option / Value for money,2 single beds,Jan 8 – 13,4.43,66,41
236,Condo in Ioannina,Comfy Central Apartment,4 beds,Jan 15 – 22,4.79,14,104
237,Apartment in Eleousa,Cozy house with amazing view,2 double beds,Jan 9 – 14,4.94,51,106
238,Apartment in Ioannina,Mini apartment,1 small double bed,Jan 8 – 13,4.86,21,44
239,Apartment in Velissarios,Ioannina's New Comfotrable Apartment,1 double bed,Feb 28 – Mar 5,4.89,28,42
240,Apartment in Kato Neochoropoulo,My Oneiro Apartments - Standard,1 bed,Jan 8 – 13,4.89,28,42
241,Home in Neokesaria,Voula's home - Ioannina--Neokesaria ⭐⭐⭐⭐⭐,5 beds,May 15 – 22,4.98,101,65
242,Home in Anatoli,Family Cozy,3 beds,Jan 9 – 14,5.0,3,140
243,Apartment in Ioannina,Marianthe Apartments,3 beds,Jan 8 – 13,4.91,23,127
244,Home in Kato Neochoropoulo,Evelina's house,1 double bed,Jan 9 – 14,4.89,9,146
245,Home in Katsikas,The Tranquility House Ioannina,5 beds,Jan 23 – 28,4.9,49,78
246,Townhouse in Ioannina,Townhouse in The Castle,1 double bed,Jan 10 – 15,4.33,3,86
247,Condo in Ioannina,STUDIO B1,1 double bed,Jan 30 – Feb 4,4.88,91,52
248,Apartment in Ioannina,City Life Apartments #3,1 queen bed,Jan 8 – 13,4.36,11,112
249,Condo in Exochi,Lovely Guesthouse -58m2,2 beds,Jan 8 – 13,5.0,4,76
250,Tiny home in Ioannina Island,Σπίτι στο νησί Ιωαννίνων,2 beds,Jan 17 – 22,5.0,11,59
251,Private room in Ioannina,Nikolas Guesthouse Koukouli,1 bed,Jan 7 – 12,New,0,82
252,Condo in Ioannina,on foot 2 suites,3 beds,Jan 8 – 14,5.0,8,143
253,Earthen home in Ktistades,Marina's Stone - Listing number 00000128825,2 queen beds,Jan 8 – 13,4.9,30,148
254,Apartment in Velissarios,DIFFERENT APARTMENTS d8,2 beds,Jan 8 – 13,5.0,3,141
255,Private room in Ioannina,Apartment inside the Ionnis Castle (center),3 beds,Jan 9 – 14,4.67,6,77
256,Private room in Ioannina,Urban Yoga House Hostel & Retreat,1 double bed,Jan 8 – 13,5.0,5,68
257,Condo in Ioannina,Lake room,1 bed,Jan 8 – 13,4.6,5,72
258,Apartment in Ioannina,Studio on the rooftop Eleni,1 sofa bed,Mar 30 – Apr 4,4.81,52,38
259,Apartment in Ioannina,Ioannina Luxury 50m2 Apartment NETFLIX incl.,2 beds,Jan 9 – 14,4.97,30,79
260,Apartment in Ioannina,Ioannina Luxury 58m2 Apartment NETFLIX incl.,2 beds,Jan 9 – 14,4.92,12,79
261,Apartment in Ioannina,Comfort Zone in Ioannina,1 double bed,Jan 8 – 13,5.0,3,63
262,Apartment in Exochi,Chris Cozy Apartment,3 beds,Jan 8 – 13,4.96,25,106
263,Home in Ioannina,House in the castle of Ioannina.,1 queen bed,Jan 9 – 14,4.81,43,106
264,Condo in Ioannina,Casa verde Ioannina,2 beds,Jan 8 – 13,5.0,4,94
265,Condo in Ioannina,Freesia Loft Apartment,2 beds,Feb 15 – 21,5.0,7,99
266,Home in Ioannina,The Pearl of the Lake,5 beds,Jan 8 – 13,New,0,167
267,Home in Ioannina,Liberty Ioannina (maisonette),6 beds,Jan 19 – 25,4.88,41,94
268,Condo in Velissarios,CHRISTINAS STUDIO #2,2 beds,Jan 9 – 14,4.75,4,86
269,Condo in Ioannina,Downtown Luxury Apartment #1,2 beds,Jan 14 – 19,4.75,4,86
270,Apartment in Ioannina,Boutique Apartment in the Center of Ioannina,2 beds,Feb 11 – 16,4.5,141,53
271,Apartment in Ioannina,zoi comme la vie apartment of 100 sq.m. on the 4th floor,5 beds,Jan 8 – 13,4.94,103,121
272,Apartment in Ioannina,In The Castle House,1 double bed,Jan 8 – 13,4.97,36,83
273,Apartment in Exochi,Kathizita Studio MT. Maria & Basilica,4 single beds,Feb 6 – 11,5.0,5,44
274,Condo in Ioannina,Clio City One Bedroom Apartment,1 bed,Jan 8 – 13,5.0,5,44
275,Condo in Ioannina,Diana's cozy 2 studio,1 queen bed,Apr 7 – 12,4.67,9,45
276,Apartment in Ioannina,Modern apartment in the city center,4 beds,Jan 29 – Feb 3,5.0,44,95
277,Villa in Ioannina,Pineforest Villa pool and BBQ w/ a splash of glam,5 beds,Jan 8 – 13,4.83,23,254
278,Home in Amfithea,House with View in Amfithea,4 beds,Jan 9 – 16,5.0,5,71
279,Loft in Kato Neochoropoulo,Kassiani's house,3 beds,Jan 8 – 13,4.91,56,71
280,Home in Ioannina,The huge house with the green yard,3 beds,Jan 8 – 13,4.84,37,65
281,Home in Potistika,Potistika,1 bed,Jan 7 – 14,New,0,71
282,Home in Syrrako,Mountain house -mountain getaway,4 beds,Jan 8 – 14,4.93,40,141
283,Home in Mazaraki,Olivia's House,3 beds,Jan 7 – 12,4.88,16,83
284,Apartment in Kato Neochoropoulo,Alfa House Fully Renovated Apartment,2 beds,Feb 1 – 6,4.98,42,50
285,Condo in Stavraki,Alexandras’ Appartment,2 beds,Jan 8 – 14,5.0,4,141
286,Apartment in Perama,Modern and sunny studio in Perama-Ioannina #2,1 double bed,Jan 9 – 14,4.88,16,65
287,Cottage in Episkopiko,Bungalow Episkopiko,3 beds,Jan 9 – 14,4.88,16,65
288,Condo in Velissarios,CHRISTINAS STUDIO #1,1 bed,Jan 9 – 14,5.0,4,80
289,Condo in Ioannina,21st Street Comfy Studio in Ioannina,1 bed,Jan 16 – 21,4.92,12,50
290,Condo in Anatoli,Cozy Studio in Ioannina,2 beds,Jan 8 – 13,5.0,3,65
291,Apartment in Ioannina,V&L Sunset 2,3 beds,Jan 10 – 15,4.9,10,63
292,Apartment in Ιωάννινα,2. Apartment In Ioannina  Perama,1 double bed,Jan 8 – 13,4.47,75,64
293,Apartment in Ioannina,Marianthe Apartments Ap.2,1 bed,Jan 8 – 13,4.47,75,64
294,Condo in Ioannina,Vegi's home,3 beds,Jan 18 – 23,4.47,75,64
295,Home in Anthochori,Pefkos House,2 beds,Jan 9 – 14,4.47,75,64
296,Condo in Ioannina,MARINA'S APARTMENT6 Ισόγειο με χώρο στάθμευσης,3 beds,Jan 8 – 13,5.0,4,143
297,Apartment in Ioannina,1. Apartment with two rooms In Ioannina  Perama,1 double bed,Jan 9 – 14,4.32,31,50
298,Villa in Katsikas,Sevi's Luxury Guesthouse Villa,3 queen beds,Jan 8 – 13,5.0,12,152
299,Apartment in Ioannina,Diana's Cozy 7 Studio,2 beds,Apr 8 – 13,3.25,4,59
300,Private room in Tymfi,Mystic Lake,2 beds,Jan 10 – 15,4.64,11,63
301,Home in Rodotopi,Family and relaxing house in a village,5 beds,Jan 10 – 15,5.0,51,108
302,Home in Perama,Marieli apartment comfortable and pleasant stay.,2 beds,Jan 9 – 14,5.0,25,73
303,Apartment in Ioannina,ASTRA IN CITY - B4,3 beds,Jan 8 – 14,4.92,12,131
304,Condo in Ioannina,Ioannina Luxury 65m2 Apartment NETFLIX Incl.,3 beds,Jan 18 – 23,4.67,12,79
305,Home in Ioannina,Into nature  into tradition!!,4 beds,Jan 8 – 13,4.94,17,94
