listing_10722043,Home in Lefkimmi,Summer House on the Sandy Beach,2 double beds,Jul 16 – 21,4.9,102,238
listing_576002487041317086,Cottage in Molos,AXILLEAS STUDIO on the beach,2 beds,Jul 3 – 8,5.0,25,111
listing_569304796810423392,Villa in Agnitsini,Folitsa Villa in Agnítsini  Corfu,1 bed,Jul 6 – 13,5.0,11,277
listing_2548093,Private room in Mesoggi,Galini Beach Studios (Sea View),1 bed,Jul 14 – 21,4.98,42,106
listing_16991160,Home in Corfu,Modern stone house with stunning sea view,2 beds,Jul 20 – 27,4.98,53,403
listing_51516782,Apartment in Kerkira,Kiko Studios II,1 double bed,Jul 1 – 6,4.98,40,83
listing_24075325,Apartment in Kerkira,Romantic apartment in Old Town of Corfu.,1 bed,Jul 1 – 7,4.88,115,65
listing_10691883,Cottage in Lefkimmi,"Home ""Maro""-Dream beach house",2 double beds,Jul 18 – 23,4.86,139,360
listing_19633928,Home in Kassiopi,Avlaki Cottage with private pool 1' walk to beach,2 single beds,Jul 9 – 14,4.97,30,305
listing_36879054,Apartment in Petriti,House Kalithea,2 beds,Jul 8 – 13,5.0,55,100
listing_49837107,Villa in Barbati,"Korypho Villa ""West""",6 beds,Jul 25 – 31,5.0,13,857
listing_2610817,Home in Corfu,Detached house with privacy and swimming pool,3 beds,Jul 15 – 20,4.61,52,247
listing_624634481609085660,Cottage in Dassia,The Wild Cyclamen stone house and estate,1 king bed,Jul 1 – 8,5.0,34,116
listing_25028410,Apartment in Corfu,City walls sea view,3 beds,Jul 1 – 6,4.99,95,153
listing_18554786,Condo in Corfu,Dimitri's Apartment,3 beds,Jul 1 – 6,4.92,351,94
listing_50566760,Apartment in Corfu,Cozy apartment in the heart of the historic center,2 double beds,Jul 1 – 6,4.19,32,80
listing_29914136,Bungalow in Palaiokastritsa,Akron bungalow 50m footpath to the beach,3 beds,Jul 1 – 6,4.98,42,207
listing_41578435,Condo in Kerkira,Lovely apartment in the city of Κέρκυρα,1 queen bed,Jul 19 – 24,5.0,26,88
listing_50986011,Home in Kerkira,Casa Rossa Corfú,3 beds,Jul 1 – 6,4.81,47,44
listing_24116811,Bungalow in Paleokastritsa,Villa Estia - Summer Home with fantastic sea view,6 beds,Jul 13 – 18,4.95,82,400
listing_37543437,Cottage in Corfu,Charming little house in North-East Corfu,1 king bed,Jul 1 – 6,5.0,36,144
listing_48908445,Private room in Afionas  Kerkyra,Zeus Throne Junior Suite,1 bed,Jul 1 – 6,4.97,32,353
listing_14200662,Treehouse in Άνω Κορακιάνα,The Tree house in Ano Korakiana,1 bed,Jul 1 – 6,4.93,122,130
listing_589603277750201893,Cottage in Pentati,Mantzaros Little House,4 beds,Jul 16 – 21,5.0,30,106
listing_50069151,Apartment in Palaiokastritsa,Villa Bouganville | Studio w/ La Grotta Seaview 2,1 double bed,Jul 25 – 30,5.0,19,92
listing_20031892,Apartment in Corfu,Apartment at the historical center!!,2 double beds,Jul 1 – 6,4.79,176,118
listing_31283658,Apartment in Kerkira,Bright Elegant Apartment - Corfu Old Town,2 beds,Jul 31 – Aug 5,4.97,112,117
listing_5037243,Home in Kerkira,OUSAKOF 8,3 beds,Jul 29 – Aug 3,4.96,114,139
listing_43503163,Villa in Pelekas,Yucca Tree Cottage  nice house with large pool,4 single beds,Jul 1 – 6,5.0,17,230
listing_4491923,Home in Corfu,Cosy eco cottage in Liapades Corfu,2 beds,Jul 1 – 6,4.95,199,165
listing_48517917,Cabin in Paramonas,Sea Harmony Beach Cabin,2 queen beds,Jul 4 – 9,5.0,22,324
listing_11779611,Condo in Agios Ioannis Peristeron,Villa Fourtuna Studio,2 beds,Jul 15 – 20,4.81,58,59
listing_50433669,Condo in Kerkira,Alarnino apartment for 2 guests City Centre,1 double bed,Jul 1 – 6,4.53,19,112
listing_2523891,Apartment in Palaiokastritsa,Villa Anthoussa in Paleokastritsa.,2 beds,Jul 13 – 18,4.81,116,98
listing_45812728,Home in Lefkimmi,The pretty house next to the beach (Aleca's House),3 beds,Jul 1 – 6,4.95,38,174
listing_37681888,Home in Kerkira,Vista del Mar,3 beds,Jul 1 – 6,4.93,40,153
listing_19093755,Condo in Kerkira,Studio Niovi  Mon Repos Κερκήρας.,1 double bed,Jul 5 – 10,4.74,198,60
listing_43597921,Home in Pentati,Villa Scarlett . Pentati  Old Village.,1 king bed,Jul 11 – 16,4.94,52,89
listing_4118512,Apartment in Benitses  Corfu,Pantazis Studio No 7,1 double bed,Jul 4 – 9,4.73,83,59
listing_663398903935574953,Apartment in Kerkira,Corfu Town Penthouse,3 beds,Jul 1 – 6,5.0,9,294
listing_21562585,Apartment in Kerkira,The Magic Flat: Top floor with amazing view,2 double beds,Jul 1 – 6,4.98,89,177
listing_35058113,Cottage in Pentati,Mantzaros Traditional House,3 beds,Jul 2 – 7,4.97,71,94
listing_43778858,Cottage in Άγιος Ματθαίος,Beachfront unique view  privacy  family & friends,4 beds,Jul 1 – 6,4.94,34,329
listing_49832197,Tiny home in Saint Gordios beach,Doliva Chris with Private pool,3 beds,Jul 13 – 18,4.84,25,177
listing_28283553,Apartment in Kerkira,Casita del Arte Corfu City Centre,1 queen bed,Jul 10 – 15,4.85,46,81
listing_22682902,Villa in Agios Ioannis,Villa Lydia,5 beds,Jul 11 – 16,5.0,29,294
listing_23850122,Home in Petriti,Ioanna's Fontana,3 beds,Jul 1 – 6,5.0,25,174
listing_4944032,Villa in Dassia,Petrinos Cottage  Private Pool  300m to the beach.,1 double bed,Jul 15 – 22,4.9,21,294
listing_20595631,Home in Corfu,Corfu Seaview Maisonette - Sopra IL Mare,4 beds,Jul 7 – 12,5.0,41,322
listing_783205816868823739,Home in Kerkira,Casetta @Old Town Corfu,1 double bed,Jul 1 – 6,New,0,101
listing_35151250,Apartment in Pelekas,Aphrodite's Rooms and Studio,1 double bed,Jul 1 – 6,4.43,47,36
listing_42777748,Villa in Kerkira,Corfu Ocean View Villa Damian,3 beds,Jul 1 – 6,4.94,34,408
listing_26450591,Villa in Corfu,Stunning 3 Bedroom Sea View Luxury Villa in Sinies,4 beds,Jul 1 – 8,4.94,62,589
listing_39039346,Apartment in Corfu,Senses Suite Tria: Luxury  renovated Apartment,1 double bed,Jul 1 – 6,4.89,28,149
listing_19098820,Apartment in Kerkira,Daisy House,1 double bed,Jul 11 – 17,4.88,117,83
listing_797603421872633622,Apartment in Kerkira,Davina The City Central Suite,1 bed,Jul 1 – 6,New,0,175
listing_49054669,Cabin in Kato Pavliana,Romantic Tree House | Corfu Country House II,1 double bed,Jul 1 – 6,4.94,16,150
listing_650783701276819569,Cottage in Saint Gordios beach,Cozy Studio Αrtemisia house 100m from the beach,1 bed,Jul 12 – 18,4.82,11,120
listing_31264807,Villa in Sinarades,Corfu  Sinarades Villa,2 beds,Jul 1 – 6,4.78,36,187
listing_583817720502249981,Villa in Nisaki,Stone Cottage House  Corfu,3 beds,Jul 17 – 24,4.95,19,322
listing_36930322,Apartment in Paleokastritsa,Patio sea view l Close to everything l 2 BR + pkg,3 beds,Jul 1 – 8,5.0,62,308
listing_43821880,Cottage in Pentati,"""Mantzaros Country House""",4 beds,Jul 12 – 17,5.0,41,118
listing_50250206,Villa in Corfu,Jade Villa,4 beds,Jul 15 – 20,5.0,21,"1,039"
listing_25439118,Home in Episkopiana,Private House ''Tramountana'' - Sea View w/ pool,3 beds,Jul 26 – 31,5.0,19,371
listing_34735467,Villa in Corfu,Villa Agni,2 queen beds,Jul 4 – 9,4.79,42,395
listing_51029815,Apartment in Kerkira,Lovely apartment in the city of Kerkira,1 bed,Jul 5 – 10,4.94,34,85
listing_792693517705816627,Home in Notos,Olea Stone House near the sea,1 bed,Jul 1 – 6,New,0,124
listing_53642777,Villa in Corfu,Stunning 4 Bedroom Sea View Luxury Villa in Sinies,5 beds,Jul 1 – 8,4.88,8,689
listing_45578241,Home in Gastouri,ZOELA ZOI - Pool | View | Privacy,1 queen bed,Jul 1 – 6,4.8,5,588
listing_593386703051954239,Villa in Kato Korakiana,Boutique Sea View & Pool Serene Corfu Villa,6 beds,Jul 14 – 19,4.96,23,606
listing_19645895,Apartment in Kerkira,Garitsa Penthouse,1 double bed,Jul 1 – 6,4.97,105,215
listing_43904720,Apartment in Kerkira,Old Town Luxury Suites 'Contessa',3 beds,Jul 8 – 13,4.89,92,247
listing_19732857,Treehouse in Kerkira,Margaritis Treehouse - Paramonas,2 double beds,Jul 1 – 6,4.9,52,235
listing_626558750457188687,Cottage in Corfu,Luxurious Beachfront Fisherman's Cottage In Agni,3 beds,Jul 16 – 21,5.0,4,764
listing_42766170,Villa in Kerkira,Corfu Sea View Villa Leo,3 beds,Jul 1 – 6,4.87,38,408
listing_51513994,Apartment in Kerkira,Kiko Studios I,2 beds,Jul 25 – 30,5.0,33,94
listing_31658242,Condo in GR,Self catering studios with beautiful sea view.,2 single beds,Jul 1 – 8,5.0,23,65
listing_36408159,Villa in Nissaki,Nissaki Suite Artemis Apartment,1 double bed,Jul 1 – 6,4.58,24,118
listing_24288814,Apartment in Kerkira,Old Town Apartment,2 double beds,Jul 3 – 10,4.99,167,130
listing_30191895,Apartment in Agnos,My lovely country home  Corfu,2 single beds,Jul 19 – 24,4.85,53,64
listing_38059282,Apartment in Kerkira,Corfu Old Town’s Cutiest place,1 queen bed,Jul 7 – 12,4.6,35,71
listing_635192350113014828,Villa in Spartilas,"Pelagos Luxury Suites  ""Ammos""  Ano Pyrgi  Corfù",2 beds,Jul 1 – 6,5.0,12,503
listing_46499097,Apartment in Αχαράβη,Beach Villa Vaso Ena: Beachfront  stunning views,4 single beds,Jul 15 – 20,4.89,18,117
listing_661652663517927732,Place to stay in Spartilas,Spartyla's Loft,2 beds,Jul 23 – 28,5.0,13,101
listing_27669809,Earthen home in Corfu,Villa Melina,3 beds,Jul 7 – 12,4.93,30,429
listing_18683297,Apartment in Kerkira,Evita's  Old town  panoramic view,2 beds,Jul 1 – 6,5.0,38,105
listing_49858440,Home in Mpastouni,Corfu Tramezzo designer's House,2 beds,Jul 5 – 12,5.0,34,280
listing_34411326,Home in Corfu,Veranda Kommeno,1 double bed,Jul 1 – 6,4.89,55,124
listing_53141997,Villa in Mparmpati,Luxury Villa Akti Barbati 3 with private pool,2 beds,Jul 1 – 6,4.84,19,281
listing_33991377,Villa in Chalikounas,Land of Sirius,2 queen beds,Jul 8 – 14,5.0,19,353
listing_11996314,Villa in Agni  Gimari,Villa Regina: Above Agni  superb views and pool,7 beds,Jul 7 – 12,4.83,40,408
listing_27918942,Apartment in Pelekas,House Lemoni App. A with terrace/balcony.,2 single beds,Jul 16 – 21,4.86,7,65
listing_50967191,Apartment in Glifada,Waves Apartments Melody,2 beds,Jul 12 – 17,5.0,18,324
listing_18032833,Apartment in Kerkira,Old Town Home,2 beds,Jul 1 – 8,4.96,189,89
listing_577835189570632304,Condo in Kerkira,Casa di Bousoulis (near airport & Corfu center),3 beds,Jul 15 – 20,4.88,26,153
listing_680129216747413335,Condo in Kerkira,The In Town Apartment - With a Private Terrace,1 bed,Jul 1 – 6,5.0,4,177
listing_20047413,Apartment in Kerkira,APT IN THE HISTORICAL CENTER,3 beds,Jul 1 – 6,4.57,53,116
listing_34144675,Home in Acharavi,Dream Beach House,5 beds,Jul 15 – 20,4.96,24,294
listing_43999177,Apartment in Nissaki,The Beach House Kaminaki,2 beds,Jul 19 – 25,5.0,21,308
listing_18282451,Place to stay in Άνω Κορακιάνα,The oak house in Ano Korakiana,1 bed,Jul 1 – 6,4.96,99,118
listing_50693601,Hotel room in Mpenitses,Anasa Corfu - Superior Room with Sea View,1 double bed,Jul 1 – 6,4.62,37,99
listing_13947147,Condo in Agios Ioannis Peristeron,Villa Fourtuna Cute,2 beds,Jul 1 – 6,4.78,56,59
listing_1922203,Cottage in Kerkira,Villa Nautilus in Corfu Heartland Near Aqualand Waterpark,3 beds,Jul 11 – 18,4.95,38,307
listing_49460672,Apartment in Glifada,Ionian Senses - Corfu  Glyfada beach Apt. 119,2 beds,Jul 7 – 12,4.92,39,153
listing_46458122,Villa in Nissaki,House on the Rocks: A unique and amazing villa,5 beds,Jul 10 – 15,5.0,9,753
listing_683044426072884369,Condo in Kerkira,The Corfu Old Town Experience - near Liston,2 beds,Jul 1 – 6,4.67,3,157
listing_661361679008268602,Condo in Kerkira,Luxury Nest,2 beds,Jul 1 – 6,4.95,20,83
listing_49847481,Home in Agios Gordios,Villa Renata with private Plunge Pool,3 beds,Jul 19 – 26,5.0,9,490
listing_349541,Private room in Palaiokastrites,Studio #1 - 3m away from the beach!,2 beds,Jul 4 – 10,4.92,76,71
listing_27362147,Apartment in Kerkira,Fabulous apartment in the heart of the Old Town,5 beds,Jul 28 – Aug 2,4.9,98,155
listing_35380221,Apartment in Corfu,KAYO | Livas Apartment,1 bed,Jul 1 – 6,4.99,78,111
listing_30056587,Apartment in Kerkira,Luxury Seaview Suite Mouragia,2 double beds,Jul 1 – 6,4.94,51,300
listing_40157663,Home in Palaiokastritsa,Barbara's House,5 beds,Jul 18 – 23,4.98,42,300
listing_37965463,Home in Kerkira,Kefalomantouko Garden House,5 beds,Jul 1 – 6,5.0,35,184
listing_23393157,Condo in Kerkira,Platy Kantouni apartment in the center of old town,2 beds,Jul 1 – 6,4.97,140,94
listing_50461811,Home in Agios Stefanos,Villa Yiannitsis  Sunset By The Sea,3 beds,Jul 1 – 6,5.0,28,294
listing_53245960,Home in Pikoulatika,Little Rock House,1 bed,Jul 1 – 6,5.0,11,277
listing_36744046,Apartment in Boukari,Valtes Luxurious Apartment I,1 queen bed,Jul 1 – 6,4.97,35,218
listing_48255455,Home in Paramonas,Abelaki Holiday Home,3 beds,Jul 1 – 6,4.67,15,77
listing_37696037,Apartment in Kassiopi,Summer Senses in Kassiopi,2 beds,Jul 1 – 6,4.92,13,130
listing_46458610,Cottage in Nissaki,Natasha: Superb views  private pool and gardens,5 beds,Jul 1 – 6,5.0,5,390
listing_50903488,Villa in Corfu,Rizes Sea View,1 queen bed,Jul 1 – 8,5.0,30,313
listing_28778052,Condo in Corfu Town,The Fan Studio in 17th-Century Old Corfu Town Building,1 queen bed,Jul 15 – 20,5.0,116,141
listing_660030330269475466,Condo in Kerkira,Beautiful new apartment in the old town,1 bed,Jul 1 – 6,4.83,24,106
listing_39967436,,,3 beds,Jul 1 – 6,4.87,55,114
listing_31286601,Cottage in Nissaki,Villa Ioanna  stone villa - private swimming pool,3 beds,Jul 20 – 27,5.0,27,494
listing_41120924,Earthen home in Ano Korakiana,The forest house,1 bed,Jul 1 – 6,5.0,12,183
listing_33287591,Home in Kerkira,abundance apartment,3 beds,Jul 1 – 6,4.95,55,110
listing_630165662765831964,Home in Kerkira,Morosa Home,3 beds,Jul 3 – 8,5.0,14,234
listing_21807694,Villa in Gouvia,Villa Senses: Stylish villa  amazing views  pool,5 beds,Jul 9 – 16,4.95,37,533
listing_24460524,Apartment in Kerkira,Best view top floor Apt.-Old city of Corfu,3 beds,Jul 6 – 11,4.95,123,181
listing_32326675,Home in Corfu,Panorama Villa II  Arillas  Corfu,5 beds,Jul 1 – 8,4.96,23,500
listing_11557264,Villa in Corfu,Xenonerantzia Country style Villa,4 beds,Jul 1 – 6,5.0,24,588
listing_46458949,Villa in Nisaki,Kefalaki: Superb sceneries and views  private pool,5 beds,Jul 9 – 14,4.7,10,398
listing_24949961,Bungalow in Corfu,Seafront AQUA Beach house with Garden,1 queen bed,Jul 1 – 6,5.0,16,382
listing_49141622,Guesthouse in Kerkira,Sopra Mura  a Luxury Town House in the Center,4 beds,Jul 1 – 6,4.79,19,402
listing_50202490,Home in Nisaki,Villa Kalithea Corfu  villa with a fabulous view,6 beds,Jul 23 – 28,5.0,15,535
listing_656324907205715996,Apartment in Kerkira,Downtown Oasis,2 beds,Jul 1 – 6,4.62,13,114
listing_591663219903205010,Apartment in Glifada,Ionian Senses - Corfu  Glyfada beach Apt.37,1 bed,Jul 6 – 11,4.76,21,153
listing_32667873,Apartment in Pelekas,Aphrodite's Rooms and Studios Upper Floor,2 beds,Jul 14 – 19,4.77,43,42
listing_31272281,Home in Kerkira,SEASIDE LOFT - Govino Bay - Gouvia / Corfu,5 beds,Jul 1 – 6,4.84,50,181
listing_18352345,Home in Karousades,Olga's ArKon Villa & Spa,2 single beds,Jul 1 – 6,4.89,55,108
listing_48228527,Loft in Kerkira,Luxurious loft in Corfu Old Town awaits you,6 beds,Jul 16 – 23,5.0,9,183
listing_53863385,Villa in Kassiopi,Thea Estate,6 beds,Jul 12 – 17,4.78,9,720
listing_24512297,Apartment in Kerkira,Casa Blanca,1 double bed,Jul 12 – 17,4.99,93,139
listing_18990678,Apartment in Corfu,Art House in Corfu old Town with sea view,1 double bed,Jul 1 – 6,5.0,92,177
listing_32856971,Villa in Corfu,EDEN VILLA CORFU  The best view on Corfu Greece,3 beds,Jul 1 – 8,5.0,13,823
listing_685286537378087641,Home in Kontokali,The little house of Irela,2 beds,Jul 1 – 6,5.0,8,217
listing_6779432,Villa in Corfu,Villa Chrysoula,6 beds,Jul 1 – 6,4.93,71,423
listing_49975544,Villa in Mparmpati,"Korypho Villa ""East""",5 beds,Jul 1 – 8,4.88,17,857
listing_49953617,Apartment in Agios Ioannis Peristeron,Villa Fourtuna Cozy,2 beds,Jul 1 – 6,4.38,16,59
listing_14097529,Villa in Nissaki,Villa Hera: Large Private pool   Sea Views Wi Fi,6 beds,Jul 17 – 24,5.0,18,517
listing_569263167058956986,Villa in Agnitsini,Scirocco Villa in Agnitsini  Corfu,4 beds,Jul 1 – 8,4.85,13,442
listing_35591467,Apartment in Moraḯtika,Relaxed studio No2 in Costas Aparments,1 queen bed,Jul 24 – 29,4.92,24,65
listing_33700973,Home in Kerkira,Spacious Maisonette★Roof Top View 80m Corfu Port,4 beds,Jul 1 – 6,4.94,34,163
listing_46699477,Villa in Kavallerena,Villa Eva Agni with private pool,2 beds,Jul 1 – 7,5.0,13,429
listing_42379262,Home in Strinilas,Sunside Studio Pantocrat,2 beds,Jul 1 – 6,5.0,63,54
listing_43590573,Cottage in Nisaki,Villa Marianthi Nissaki,3 beds,Jul 2 – 8,5.0,12,365
listing_27178222,Villa in Mpenitses,Monastery Retreat and Seaview,3 beds,Jul 1 – 6,4.94,37,130
listing_52356776,Condo in Kerkira,Saroko House,4 beds,Jul 14 – 19,4.83,12,118
listing_28265800,Home in GR,Picturesque Seaside Corfu House!,4 beds,Jul 1 – 6,4.96,75,231
listing_591096515747515233,Condo in Kerkira,Lavraki Apt. — central  garden  walk to the sea,1 queen bed,Jul 1 – 6,5.0,6,110
listing_674736690237821224,Villa in Liapades,Stone II Villa,3 beds,Jul 7 – 12,5.0,9,392
listing_40524554,Apartment in Nissaki,Nissaki Suite Poseidon,3 beds,Jul 1 – 6,4.79,29,162
listing_39039563,Apartment in Corfu,Senses Suite Tessera: Luxury  renovated Apartment,1 double bed,Jul 1 – 6,4.87,15,149
listing_791043194062972851,Apartment in Kalami,Agapi Studio,1 double bed,Jul 3 – 8,New,0,64
listing_704870454047508900,Home in Κynopiastes,TwentyTwentyOne,1 bed,Jul 1 – 6,New,0,125
listing_786404046350591193,Home in Pelekas,Takis Studio with sea view – Pelekas Beach  Corfu,1 bed,Jul 1 – 6,New,0,77
listing_796865265125075637,Villa in Karousades,Green Family Villa,7 beds,Jul 1 – 6,New,0,331
listing_51164351,Villa in Agnos,Luxury Beach Villa Danune with private pool,3 beds,Jul 1 – 7,4.83,6,462
listing_33786406,Home in Kerkira,Classic Corfiot Townhouse,3 beds,Jul 1 – 6,4.85,110,294
listing_689218,Apartment in Corfu,Thalassa Garden Corfu OLD KAFENEION APARTMENT,1 bed,Jul 1 – 8,4.91,105,116
listing_9599653,Villa in Agios Ioannis,Villa Theodora,5 beds,Jul 17 – 22,4.96,24,306
listing_33436467,Villa in Pentati,'Anthelia' Nr Ag Gordis - Prestige Villas of Corfu,6 beds,Jul 5 – 10,5.0,6,"1,613"
listing_44987526,Villa in Kerkira,Pelagos Villas  Luxury Suites  Ano Pyrgi  Corfù,2 double beds,Jul 1 – 6,4.98,44,418
listing_42145119,Apartment in Afionas  Kerkyra,Armikes Beachfront Suite 2 Afionas Corfu,2 beds,Jul 3 – 8,5.0,8,212
listing_43345129,Condo in Corfu,Lighthouse apartment Corfu old town,2 double beds,Jul 11 – 16,5.0,3,318
listing_33820429,Home in Liapades,Natural stone house with fantastic views: quiet and close to the beach,3 beds,Jul 1 – 8,5.0,15,281
listing_54119983,Villa in Nisaki,Villa Georgina - private pool & stunning sea view,3 beds,Jul 12 – 19,4.84,19,354
listing_760577848611256013,Home in Liapades,Nona´s village house in Liapades,1 bed,Jul 1 – 6,New,0,118
listing_14712428,Villa in Corfu,Villa Melanthi Kassiopi Corfu,6 beds,Jul 11 – 18,5.0,25,671
listing_34416328,Home in Dassia,Casa Gaia,3 beds,Jul 1 – 8,4.89,27,165
listing_31428906,Villa in Kerkira,Villa Felicia,4 beds,Jul 1 – 6,4.92,12,352
listing_674974293595993724,Earthen home in Paralia Paramona,"""Black Olive Cottage"" next to the sea..",1 queen bed,Jul 1 – 6,4.86,7,188
listing_796213652185031587,Private room in Mpenitses,Lord Ape Suites Club 3,1 bed,Jul 1 – 6,New,0,94
listing_13763629,Apartment in Άγιος Γεώργιος Πάγων,Seaside studio,2 beds,Jul 1 – 6,4.83,53,42
listing_24440018,Villa in Κέρκυρα Πόλη,LUXURY JUST FOR 2,1 double bed,Jul 1 – 6,5.0,39,259
listing_52849788,Tent in Agios Markos  Corfu,Luxury Dome Tent and Grounds with Sea View,1 bed,Jul 1 – 6,5.0,30,193
listing_20613125,Private room in Kamara,"""Kamaritis"" villa (Bedroom) Achilleion Corfu",1 double bed,Jul 5 – 10,4.96,72,72
listing_15997689,Villa in Corfu,Villa Imerolia Beach,4 beds,Jul 1 – 6,4.89,18,766
listing_13631666,Home in Agios Ioannis Peristeron,Villa Fourtuna Panoramic View,2 single beds,Jul 21 – 26,4.71,17,77
listing_29869578,Cottage in Kassiopi,Villa Varvara: Beach House with stunning views,3 beds,Jul 31 – Aug 5,4.89,18,416
listing_580355943806128952,Apartment in Acharavi,CASA AMALIA - 1stFloor 2room Apartment #4,4 beds,Jul 12 – 17,5.0,7,104
listing_31276040,Cabin in Corfu,Once Upon A Woodenhouse..,2 beds,Jul 1 – 6,4.91,77,92
listing_9656230,Villa in Corfu,☀️VILLA PELEKAS - 4BR/4BA w/heated pool & views☀️,8 single beds,Jul 1 – 6,5.0,15,529
listing_48434315,Home in Acharavi,Spiros family house,2 double beds,Jul 23 – 28,5.0,13,107
listing_35185445,Home in Pentati,EUTIXIAS FULL HOUSE (with amazing garden),4 beds,Jul 13 – 18,4.94,54,147
listing_44185819,Home in Paramonas,Almer seafront resort,1 double bed,Jul 1 – 6,4.97,39,182
listing_17869884,Apartment in Gouvia,Studio Yellow  Gouvia Corfu Greece Κέρκυρα 235076,1 queen bed,Jul 1 – 6,4.92,112,57
listing_5684781,Cottage in Chalikounas,Beach house Elisavet for up to 5 persons,4 beds,Jul 1 – 6,4.96,94,211
listing_541236307370851600,Apartment in Glifada,Waves Apartments Harmony,2 beds,Jul 15 – 20,5.0,10,271
listing_18961915,Apartment in Kerkira,2-Master Bedroom Suite ♦Old Town ♦Walk to Liston,2 double beds,Jul 1 – 6,4.98,63,218
listing_634065220533419169,Apartment in Liapades,"VILLA PANORAMA  "" Luxurious Apartment 2",1 king bed,Jul 1 – 8,5.0,12,77
listing_33717363,Apartment in Corfu,Hidden gem in Corfu town with everything around!,3 beds,Jul 1 – 6,4.77,75,94
listing_34026826,Apartment in Palaiokastritsa,Vanilla calm studio 3,1 queen bed,Jul 7 – 12,4.94,77,47
listing_19474372,Apartment in Kerkira,Modern flat in Corfu town,1 queen bed,Jul 1 – 6,4.94,62,148
listing_606251158826043845,Villa in Arillas Agiou Georgiou,Èmar Deluxe Junior Suite Arillas Corfu,3 beds,Jul 1 – 6,4.75,8,224
listing_788336160656122670,Home in Κynopiastes,Forest Villa,8 beds,Jul 15 – 20,New,0,365
listing_619331146594383552,Condo in Kerkira,Unique apartment,1 double bed,Jul 1 – 6,4.89,9,388
listing_48912445,Villa in Μοραϊτικα,Paul Seafront House,3 beds,Jul 1 – 6,5.0,4,318
listing_6011204,Apartment in Gastouri,missing apartment for 2,2 single beds,Jul 1 – 6,4.56,37,42
listing_548941697828257946,Villa in Nisaki,Villa Aliki Nissaki with private pool,11 beds,Jul 17 – 24,4.64,11,968
listing_16920915,Townhouse in Kerkira,Durrells str stunning Home & Garden ✤ New Fortress,3 beds,Jul 1 – 8,4.85,72,235
listing_592742077228586649,Home in Dafni,Zoes house cottage with mountain and sea view,2 beds,Jul 1 – 6,5.0,19,105
listing_19696597,Apartment in Corfu,Toulas Apartment B6,2 beds,Jul 6 – 13,4.63,24,48
listing_12194902,Cottage in Ano Korakiana,White Jasmine Cottage,3 beds,Jul 1 – 6,4.93,29,285
listing_34439943,Apartment in Kerkira,Deluxe Town Hall Square Flat in Historical Center,2 beds,Jul 1 – 6,4.93,55,177
listing_50125555,Loft in Corfu,New Fortress Loft,2 double beds,Jul 1 – 6,4.86,77,164
listing_49865096,Tiny home in Saint Gordios beach,Doliva Erieta with private pool,3 beds,Jul 1 – 6,4.78,18,195
listing_52201323,Home in Paramonas,Abelaki3 Holiday home,3 beds,Jul 12 – 17,5.0,14,73
listing_49451625,Apartment in Glifada,Ionian Senses - Corfu  Glyfada beach Apt. 84,2 beds,Jul 1 – 6,4.91,32,153
listing_49377845,Villa in Palaiokastritsa,Paleo Villas -Myrtus- Pool  Sea View  BBQ,1 double bed,Jul 1 – 6,5.0,8,492
listing_106912,Cottage in Acharavi  Corfu,Handmade House,3 beds,Jul 1 – 6,4.71,107,81
listing_50701095,Private room in Kontogialos beach,Pelekas Olive Grove Oasisss,1 bed,Jul 1 – 6,4.97,35,39
listing_12958579,Home in Fourni,CHARMING TRADITIONAL STONEHOUSE,2 beds,Jul 5 – 10,4.93,55,147
listing_41797255,Home in Kerkira,Bimbos House,1 double bed,Jul 1 – 6,5.0,35,59
listing_567489,Private room in Meliteieis,Modern sea view&garden view studios,1 bed,Jul 14 – 21,4.8,50,106
listing_25010037,Apartment in Chlomos,Nausica... a sense of paradise!,3 single beds,Jul 22 – 29,4.92,12,95
listing_580330033440896021,Apartment in Acharavi,CASA AMALIA GroudFlour 2room Apartment #1,4 beds,Jul 25 – 30,5.0,8,117
listing_598232338200229938,Villa in Benitses  Corfu,Sea & Cliff Luxury Suites by Corfuescapes - Sea,1 bed,Jul 1 – 6,5.0,7,342
listing_48992474,Home in Kerkira,Sole di Corfu,4 beds,Jul 1 – 6,5.0,23,224
listing_32763899,Villa in Corfu,"EcoFriendly ""Elmar Tree House"" with private pool",1 double bed,Jul 1 – 6,4.86,71,188
listing_655724106491190440,Apartment in Kerkira,Dear Prudence,1 king bed,Jul 1 – 6,5.0,26,148
listing_622475616403598207,Villa in Corfu,Brand New Villa Loki with Large infinity pool WiFi and Sea Views,3 beds,Jul 1 – 6,5.0,4,434
listing_43645793,Apartment in Kerkira,Bonora studio,1 double bed,Jul 1 – 6,4.96,136,106
listing_13277040,Cottage in Kamara,KAMARELLA SUMMER,5 beds,Jul 14 – 19,4.94,33,517
listing_32947839,Vacation home in Kerkira,SweetVillasIssos 2,3 beds,Jul 1 – 6,5.0,33,89
listing_1690099,Home in Corfu,studio in the nature ! very relax!,4 beds,Jul 15 – 21,4.96,150,73
listing_19960108,Guesthouse in Achilleio,Comfy guest house for relaxation,3 beds,Jul 1 – 6,5.0,50,153
listing_2328778,Home in Corfu,Beachfront villa in Avlaki Kassiopi Corfu,12 beds,Jul 16 – 23,4.75,4,991
listing_35836604,Apartment in Kerkira,Gelsomino 2!,2 beds,Jul 1 – 6,4.65,20,106
listing_52085040,Cottage in Kerkira,Little House  Corfu,2 single beds,Jul 1 – 6,5.0,13,81
listing_33125112,Home in Kalami,Charming Villa in Paradise | inf pool & top views,3 beds,Jul 7 – 14,4.82,11,436
listing_13877240,Tiny home in Sidari,Mini country house with private pool,2 beds,Jul 1 – 6,4.69,88,235
listing_663783613722116650,Apartment in Corfu,Bertos Balcony,3 beds,Jul 1 – 6,4.86,7,200
listing_37819897,Apartment in Mpoukaris,Valtes Luxurious Apartment II,1 queen bed,Jul 1 – 6,5.0,21,230
listing_12591526,Apartment in GR,"""Eureka!"" Memorable Old Town Apt.",2 beds,Jul 1 – 6,4.96,74,91
listing_28779734,Villa in Roda,Luxury Villa Hera - Beachfront,8 beds,Jul 8 – 13,4.84,25,888
listing_36802709,Apartment in Ypsos,New modern studio by the sea_Green,1 king bed,Jul 5 – 10,4.95,62,104
listing_50410984,Apartment in Benitses  Corfu,Pantazis studio No 5,2 beds,Jul 6 – 11,4.87,31,59
listing_5887273,Villa in Corfu,Villa Sea View with Private Heated Pool & Hot-Tub,3 beds,Jul 1 – 6,4.87,52,468
listing_580207597353092114,Villa in Corfu,Jasmin Villa Nissaki  Corfu,3 beds,Jul 7 – 14,5.0,8,324
listing_24244084,Apartment in Gastouri,GeoMar House 1 Sky and View,3 beds,Jul 1 – 6,4.91,55,130
listing_17978846,Villa in Potamos,villa hermes,6 beds,Jul 1 – 6,5.0,13,447
listing_49785102,Villa in Nisaki,Nissaki Sunlight NEW Home-2min from Beach+Pool,4 beds,Jul 1 – 6,4.88,25,235
listing_16489188,Villa in Agios Ioannis,Vila caramela,2 beds,Jul 1 – 6,4.89,19,306
listing_38667437,Home in Pentati,EFFIE'S FULL HOUSE with fantastic view.,3 beds,Jul 7 – 12,4.95,44,127
listing_796930324050643290,Cottage in Kira Chrisikou,Villa Theodore,3 beds,Jul 1 – 6,New,0,227
listing_6944573,Home in Corfu,The Beach House (Cosmos beach),4 beds,Jul 1 – 8,5.0,21,406
listing_21703407,Apartment in Nisaki  Kaminaki,Anda Studio: Cozzy little apartment in Kaminaki,1 double bed,Jul 3 – 8,4.43,49,82
listing_15977558,Villa in Kalami,Kalami Sunlight Luxury Villa  Near Beach with pool,5 beds,Jul 1 – 7,4.91,58,516
listing_43390150,Apartment in Kerkira,Anesis Studio Old Corfu Town,1 queen bed,Jul 1 – 6,4.94,31,100
listing_34697853,Apartment in Kerkira,Lilliput Studio Corfu Old Town,1 double bed,Jul 1 – 6,4.9,115,101
listing_5465157,Apartment in Corfu,Direct access to the beach & Jacuzzi,6 beds,Jul 1 – 8,4.43,42,176
listing_45375006,Apartment in Kerkira,Casa Lena Porta Remunda - Milton,1 double bed,Jul 1 – 6,4.85,13,101
listing_53015651,Villa in Kassiopi,imerolia beach house Kassiopi Corfu.,3 beds,Jul 1 – 6,4.6,20,250
listing_15712099,Home in Nisaki,Villa Alexandros: Lovely villa  roof terrace pool,6 beds,Jul 13 – 18,4.96,50,593
listing_51169640,Apartment in Kerkira,"""Anastazia"" Contemporary Apartment",2 beds,Jul 1 – 6,4.88,24,86
listing_50838809,Home in Kerkira,"""CORFINO"" Unique dreamy residence in Corfu Town",2 beds,Jul 1 – 6,4.88,16,302
listing_21880470,Villa in Corfu,Villa Vardia-Amazing Seaviews with heated pool,4 beds,Jul 1 – 8,5.0,14,576
listing_15977408,Home in Corfu,Scenery  space choice & authentic Corfu,4 beds,Jul 1 – 6,4.74,36,340
listing_15038347,Apartment in Corfu,Boutique Style Apartment,3 beds,Jul 6 – 11,4.86,131,153
listing_50673512,Villa in Kalami,Kalami Beach - Villa Anastasia,3 beds,Jul 1 – 6,4.75,4,507
listing_6192593,Apartment in Άγιος Γόρδιος,Glorious Sunset & Sea View Studio Mariastella 4,3 beds,Jul 1 – 7,5.0,22,218
listing_43359516,Apartment in Gouvia,Doctor`s House in the Nature,3 beds,Jul 1 – 6,5.0,32,98
listing_567378929917047414,Condo in Kerkira,Modern studio in Corfu town,2 beds,Jul 1 – 6,4.94,18,121
listing_52157512,Villa in Agios Gordios,Villa Sea View Descansa - Prestige Villas of Corfu,4 beds,Jul 15 – 20,4.86,7,930
listing_572377725179459942,Villa in Gousades,Luxury Villa Marolia Sidari with private pool,3 beds,Jul 15 – 21,5.0,13,380
listing_45980062,Apartment in Spartilas,Le Grand Balcon Luxury Apartment,1 double bed,Jul 1 – 6,4.81,32,136
listing_49704329,Condo in Kerkira,Little Bright Studio · Corfu Old Town,2 beds,Jul 1 – 6,4.96,48,141
listing_44000470,Home in Spartilas,★ Villa Faiax ★ stunning pool views Ipsos bay,6 beds,Jul 17 – 24,4.9,10,691
listing_786870653039884190,Home in Pelekas,Villa Takis A - Pelekas Beach  Corfu,3 beds,Jul 1 – 6,New,0,118
listing_5465293,Home in Chalikounas,Villa with private beach access and Jacuzzi,8 beds,Jul 3 – 10,4.92,13,382
listing_19675681,Apartment in Kerkira,Luxury design apartment in Corfu Old Town,1 queen bed,Jul 2 – 7,5.0,42,165
listing_32810797,Condo in Kerkira,Walk to Island's Historic Center From SpEll's Apartment,1 bed,Jul 1 – 6,4.88,32,104
listing_19866203,Cottage in Poulades,Mimosa pool cottage - in Gouvia,4 beds,Jul 1 – 6,4.71,21,163
listing_41170013,Home in Lefkimmi,Rodopis House near beach ( free car),3 beds,Jul 1 – 6,5.0,27,136
listing_783062,Apartment in Corfu,Thalassa Garden Corfu MALTAUNA APARTMENT,1 bed,Jul 30 – Aug 6,4.9,78,147
listing_652820565764195736,Condo in Kerkira,My apartment,1 bed,Jul 11 – 16,4.57,21,59
listing_41972240,Cottage in Ano Korakiana,Witch house Kirki,1 bed,Jul 1 – 6,5.0,43,118
listing_25120563,Apartment in GR,Sweet home in Corfu old town,2 beds,Jul 1 – 6,4.87,178,123
listing_43705999,Apartment in Kerkira,T.G. Corfu Studio 3,1 queen bed,Jul 1 – 8,5.0,51,105
listing_13261594,Condo in Palaiokastritsa,ANGELA ROOMS,1 double bed,Jul 20 – 25,4.82,104,100
listing_41069622,Apartment in Kerkira,Rena's Cosy Apartment,2 beds,Jul 1 – 6,4.83,102,103
listing_32796744,Apartment in Kerkira,Very bright house between old town and port,2 beds,Jul 1 – 6,4.88,136,78
listing_578155356516228320,Condo in Kerkira,Old Town Hideaway,3 beds,Jul 1 – 6,4.87,39,109
listing_32997303,Apartment in Kerkira,Colorful & cozy  New Fortress apartment @ Old town,2 beds,Jul 1 – 6,4.98,55,81
listing_43205908,Home in Liapades,Oliveways,2 beds,Jul 1 – 6,5.0,31,130
listing_19613767,Condo in GR,Villa Agrili  Corfu,1 double bed,Jul 1 – 6,4.79,43,59
listing_25510823,Apartment in Corfu,DePaolis Corfu Town Apartment,1 double bed,Jul 12 – 17,4.34,289,59
listing_34535691,Apartment in Corfu,A small apartment in the center of the old town,1 double bed,Jul 8 – 13,5.0,4,94
listing_25409098,Apartment in Kerkira,Volto House in old Corfu town,3 beds,Jul 1 – 6,4.5,36,77
listing_39525095,Condo in Kerkira,"""Kampielo Homes"" next to Spianada Square",1 double bed,Jul 1 – 6,4.63,16,71
listing_21558256,Apartment in Corfu,Angelina Studio,1 double bed,Jul 13 – 18,4.53,43,71
listing_2307931,Private room in Palaiokastritsa,Studio #3 - 3m away from the beach!,1 bed,Jul 1 – 7,4.91,11,71
listing_6414102,Apartment in Liapades,"""villa panorama' luxury apartment",1 king bed,Jul 11 – 16,4.85,66,71
listing_46521716,Apartment in Kerkira,Total Relaxation in Arillas,2 single beds,Jul 1 – 6,5.0,4,47
listing_39495972,Apartment in Kerkira,<Kampielo Homes> - 19th century three level place,2 double beds,Jul 1 – 6,4.33,21,92
listing_51066572,Apartment in Acharavi,Romantic Superior Suite one bedroom in Acharavi,1 double bed,Jul 1 – 6,5.0,7,112
listing_29281446,Villa in Nisaki,Sea Breeze Villa with Stunning Views in Nissaki,6 beds,Jul 2 – 9,5.0,32,961
listing_563406901474821357,Apartment in Kassiopi,see the sea 1,3 single beds,Jul 1 – 6,5.0,10,130
listing_39666642,Apartment in Palaiokastritsa,Villa Amaryllis | Tranquil Studio-Apt w/ Seaview,2 beds,Jul 10 – 15,5.0,33,92
listing_16425484,Condo in Κέρκυρα,Avgi's Apartment Campielo,3 beds,Jul 9 – 14,4.97,134,117
listing_46762216,Apartment in Sidari,Villa Spyridoula Studio 17 on the Beach,3 single beds,Jul 1 – 6,4.89,28,89
listing_19052370,Condo in Kerkira,Spacious sea-front apartment in Corfu town,2 beds,Jul 1 – 6,4.98,83,237
listing_16943412,Apartment in Kerkira,Little House near the beach,1 double bed,Jul 22 – 27,4.8,51,89
listing_49963207,Condo in Spartilas,A Little Place in Heaven,2 beds,Jul 5 – 10,4.89,27,127
listing_47852169,Apartment in Lefkimmi,Korina apart Kavos - Superior studio 1,1 king bed,Jul 1 – 6,4.69,101,78
listing_37153154,Apartment in Kerkira,La Bohème,1 queen bed,Jul 1 – 6,4.93,59,148
listing_579365718687439577,,Martinucci@historical centre,3 beds,Jul 1 – 6,5.0,7,93
listing_25457177,Apartment in Pelekas,House Lemoni - Studio with garden,1 bed,Jul 1 – 6,4.64,33,59
listing_13220553,Private room in Kerkira,Sea View Corfu 3,1 bed,Jul 10 – 15,4.92,276,59
listing_647698986322805292,Home in Kerkira,Casa Luna D' Argento Corfu,4 beds,Jul 1 – 6,5.0,4,98
listing_3838303,Home in Corfu,Stavros studio in nature ! Very relax!,4 beds,Jul 8 – 14,4.95,125,73
listing_18299211,Apartment in Pagon,studios in Agios Georgios 300m from the beach NW,1 double bed,Jul 7 – 12,4.91,45,53
listing_607060984174317374,Apartment in Kerkira,Mouragia Boutique Apartments 3,3 beds,Jul 1 – 6,5.0,35,188
listing_4595329,Condo in Παλαιοκαστρίτσα,Villa Anthoussa- Family apartment,4 beds,Jul 11 – 16,4.68,50,144
listing_48023888,Apartment in Sidari,Camellia house,2 beds,Jul 1 – 6,4.77,13,77
listing_54136025,Condo in Ypsos,Scandi-Style Studio in Ypsos,1 double bed,Jul 13 – 18,5.0,10,71
listing_27417848,Apartment in Paleokastritsa,“BETTY APARTMENTS” : studio,2 single beds,Jul 1 – 6,4.74,63,58
listing_35597332,Apartment in Moraitika,Relaxed studio No3 in Costas Aparments,2 beds,Jul 12 – 17,4.97,32,65
listing_18506981,Apartment in Kerkira,Porta Reale Studio,1 double bed,Jul 1 – 6,4.96,257,60
listing_44117275,Apartment in Sidari,Elves Studio 4 | Sidari  Corfu,2 single beds,Jul 1 – 6,4.26,19,36
listing_53227769,Apartment in Chlomos,SeaFront Ourania Studio 5,3 single beds,Jul 1 – 6,4.67,6,94
listing_39531881,Tiny home in Corfu,Villa Anthoussa - Kalivilla private house,3 beds,Jul 2 – 7,4.94,17,188
listing_24419633,Apartment in Kerkira,Luminous and airy apartment on CorfuTown Center,1 double bed,Jul 1 – 6,4.91,101,92
listing_22756947,Condo in Kerkira,Damian house!!!,1 double bed,Jul 1 – 6,4.88,145,87
listing_19561535,Apartment in Kassiopi,CORFU in KASSIOPI'S CASTLE apartment by sea side,2 single beds,Jul 1 – 6,4.92,62,102
listing_53535980,Apartment in Lefkimmi,KORINA APART SUPERIOR TRIPLE STUDIO,3 single beds,Jul 15 – 20,4.89,9,98
listing_637377517857857441,Villa in Perama,Seaview Mini Villa with Private Pool,2 beds,Jul 1 – 6,5.0,11,294
listing_52327363,Condo in Kerkira,Corfu Downtown Cutie,1 double bed,Jul 1 – 6,4.85,34,93
listing_17664069,Condo in Kerkira,Central Venetian apartment with great view,1 double bed,Jul 1 – 6,4.89,71,84
listing_26595847,Apartment in Kerkira,watching the sea .,2 beds,Jul 1 – 6,4.95,58,120
listing_13871239,Loft in Kerkira,The Artist's Attic Apartment Corfu Old Town,2 beds,Jul 1 – 6,4.88,126,124
listing_22881023,,VANILLA studio 1,1 king bed,Jul 1 – 6,4.76,81,54
listing_14784236,Home in Kerkira,Casa Margarita Corfu Beach House Reg. 1102941,10 beds,Jul 4 – 9,5.0,23,617
listing_32816812,Apartment in Kerkira,Toulas Apartment A4,1 queen bed,Jul 6 – 11,4.18,17,53
listing_10529426,Apartment in Sidari,BEACH VIEW APARTMENT. Short walk to Sidari Beach.,2 single beds,Jul 1 – 6,4.66,38,57
listing_15751044,Condo in Paleokastritsa,Kiki apartments in (URL HIDDEN) apt,1 double bed,Jul 1 – 6,4.89,70,77
listing_24792653,Apartment in Mpenitses,The Shelter,1 king bed,Jul 1 – 6,4.93,29,91
listing_3769488,Home in Dassia-Kato Korakiana,Amazing view on Mt. Pantokrator,1 king bed,Jul 1 – 6,4.86,59,84
listing_43766879,Apartment in Nisaki,Nissaki Sunflower Luxury Apartment,2 beds,Jul 1 – 6,4.71,31,119
listing_24283798,Villa in Mpenitses,Ionian Garden Villas: Villa Pietra,8 beds,Jul 10 – 15,4.95,43,859
listing_20053597,Apartment in Kerkira,Mon Repo Apartment Corfu AMA 00000186901,4 beds,Jul 1 – 6,4.79,20,76
listing_3296514,Apartment in Corfu,Lovely studio with garden in Corfu old town,1 king bed,Jul 1 – 6,4.78,93,96
listing_50676726,Apartment in Lefkimmi,Peaceful studio with beautiful sea view,2 beds,Jul 1 – 6,4.7,20,74
listing_51213052,Home in Corfu,Angel's House,1 king bed,Aug 2 – 7,5.0,22,177
listing_19254627,Cottage in Corfu,"Villa ""SPITAKI"" Astrakeri",4 single beds,Aug 30 – Sep 4,4.98,52,83
listing_37038917,Apartment in Palaiokastritsa,Elysium Apartments Corfu-Studio Partial Sea View,1 bed,Aug 15 – 20,4.89,18,74
listing_51740229,Villa in Liapades,Stone Villa,3 beds,Aug 24 – 29,4.95,21,413
listing_14132429,Cottage in Paleokastritsa,Pergola Cottages,3 beds,Aug 1 – 6,4.83,75,130
listing_6884843,Bungalow in Σιδάρι,Casa Giardino  Sidari Beach,8 beds,Aug 13 – 18,4.92,91,183
listing_573519947511017728,Villa in Sidari,Beach Villa Verano with private pool,8 beds,Aug 29 – Sep 3,4.9,10,601
listing_20202314,Villa in Kassiopi,Villa Apleton Kassiopi Corfu,6 beds,Aug 26 – Sep 2,4.85,20,554
listing_2307930,Private room in Palaiokastritsa,Studio #2 - 3m away from the beach!,2 beds,Aug 15 – 21,4.88,41,77
listing_43875104,Apartment in Kerkira,Glyfada Sea Blue Corfu 137 Menigos resort,2 beds,Jul 11 – 16,5.0,25,143
listing_4246622,Dome in Corfu,Bio-climatic Cave Studio with private terrace,1 king bed,Jul 1 – 7,4.76,89,100
listing_17019711,Villa in Corfu,Rosemarine Villa by the beach in Kassiopi.,7 beds,Aug 19 – 26,4.89,18,978
listing_16550261,Home in Spartilas,A Place in Heaven,2 double beds,Aug 14 – 19,4.92,38,320
listing_37173841,Apartment in Palaiokastritsa,Cozy Apt w/ Seaview | Villa Amaryllis,2 beds,Jul 12 – 17,4.97,39,159
listing_35102096,Home in Lefkimmi,Beach Home Cloths,4 beds,Aug 18 – 23,5.0,27,301
listing_49491269,Apartment in Kerkira,Villa Bouganville | Seaview Apt. Above La Grotta,2 beds,Jul 9 – 14,4.93,15,154
listing_18346528,Condo in Kerkira,Menecrates Corfu Town apartment,3 beds,Jul 1 – 6,4.69,32,83
listing_26359148,Apartment in Gouvia,Studio Beryllium  Gouvia  Corfu  Greece,1 double bed,Jul 9 – 14,4.88,52,69
listing_20553174,Home in Kassiopi,Villa Lofos - Kassiopi Corfu,6 beds,Aug 29 – Sep 4,4.83,18,441
listing_18680235,Apartment in Corfu,central quiet flat  easy access everywhere,1 double bed,Jul 1 – 6,4.71,58,87
listing_26375636,Apartment in Corfu,Downtown Apt. at Filellinon!,1 double bed,Jul 1 – 6,4.65,99,112
listing_13896478,Home in Corfu,Volta,1 double bed,Jul 1 – 6,4.76,113,108
listing_23617825,Home in Corfu,Sunset House: Amazing views  stunning sunsets  A/C,4 beds,Jul 12 – 17,4.95,20,426
listing_19263681,Apartment in Kerkira,Modern 1 bedroom apartment in Corfu old town,1 double bed,Jul 1 – 6,4.8,15,117
listing_36412534,Apartment in Corfu,Rari's Corfu Town Apartment,1 double bed,Jul 1 – 6,4.31,133,77
listing_660883263178743913,Condo in Kerkira,Old Port Breeze,1 bed,Jul 6 – 11,4.96,24,111
listing_617919448631665217,Condo in Kerkira,AGLAIA'S PORT APARTMENT,1 bed,Jul 1 – 6,4.88,8,111
listing_11010746,Villa in Kerkira,Villa Maxim  Halikounas Corfu,7 beds,Aug 11 – 18,4.85,27,870
listing_663543775536532612,Apartment in Kerkira,Nicol's Luxury Suite  Old Corfu Town,1 queen bed,Jul 14 – 19,5.0,7,126
listing_19135768,Apartment in Kerkira,Ideally Situated Corfu Old Town Studio,1 queen bed,Jul 10 – 15,4.99,147,116
listing_33122392,Apartment in Kerkira,Porta Remunda Dream Suite,2 beds,Jul 7 – 12,4.9,94,118
listing_50336290,Home in Kerkira,Τhe Nest Corfu Town,1 bed,Jul 3 – 8,4.93,44,100
listing_41053830,Bungalow in Palaiokastritsa,Akron bungalow 2 - 50m footpath to the beach,3 beds,Jul 1 – 6,4.96,25,207
listing_34767732,Apartment in Kalami,Corfu kalami villas (Beach house),4 single beds,Jul 1 – 8,4.86,14,188
listing_27007634,Apartment in Κέρκυρα,Corfu's new fortress cosy apartments_Green,2 single beds,Jul 1 – 6,4.9,88,112
listing_18192295,Apartment in κερκυρα,old town studio,2 beds,Jul 1 – 6,4.9,175,85
listing_50003867,Condo in Kerkira,''Small Luxury'' Mini Suite,2 queen beds,Jul 16 – 21,5.0,22,168
listing_49055047,Condo in Kerkira,UniQApt luxury apartment at New Venetian fortress,3 beds,Aug 5 – 10,5.0,18,177
listing_46480312,Home in Corfu,Fishermans Cottage: Private pool  a/c  near beach,2 beds,Jul 2 – 7,5.0,3,288
listing_22726458,Apartment in Glifada,Katero's Home,2 beds,Jul 12 – 17,4.71,48,105
listing_27677531,Villa in Gazatika,Corfu Villa Solitude,6 beds,Jul 1 – 6,5.0,31,508
listing_52506822,Villa in Lefkimmi,Villa Pied dans l 'eau,7 beds,Jul 11 – 18,4.82,11,704
listing_657108834476555452,Villa in Agios Georgios,Corfu Villa near sandy beach with pool and views,8 beds,Jun 10 – 15,5.0,9,307
listing_46459414,Cottage in Kavallerena,Vista Mare Assinia: Amazing views and pool  A/C,5 beds,Jun 7 – 12,4.65,26,360
listing_14793468,Villa in Corfu,Villa ALGEOS suspended between sky and blue sea,8 king beds,Jun 21 – 26,4.9,30,694
listing_54042733,Villa in Kavos,Villa Elegio,4 double beds,Jun 8 – 13,5.0,3,417
listing_10110017,Villa in Agnos,Villa Paradiso: Near beach  superb pool and garden,9 beds,Jun 5 – 10,4.89,44,290
listing_21945353,Home in Corfu,Yalos Beach House Corfu,7 beds,Jun 1 – 6,4.93,29,247
listing_52977261,Villa in Corfu,Mega Lithari Deluxe Villas,,Sep 28 – Oct 5,4.67,3,105
listing_32511348,Cottage in corfu,Eden Villa's corner of paradise,1 king bed,Jun 6 – 11,4.96,52,177
listing_30270339,Home in Boukari,Blue Horizon (Boukari),3 beds,Jun 22 – 27,4.96,47,141
listing_52298088,Villa in Kassiopi,Beach Villa Petros with private pool,9 beds,Jun 15 – 22,4.8,10,444
listing_45686976,Villa in Sidari,Villa Plastiras Sidari with private pool,11 beds,Jun 24 – 29,5.0,9,385
listing_584590102218667652,Villa in Agnitsini,Kerasia Bay View Villa  Corfu,8 beds,Jun 10 – 15,5.0,6,371
listing_43782994,Home in Pagoi,Kumquart Estate - up to 20 guests  private pool,14 beds,Jun 17 – 22,5.0,13,"1,072"
listing_25670803,Villa in Corfu,Hillside Villa 3 Provence with pool and sea view,5 beds,Jun 29 – Jul 4,4.8,10,264
listing_32482865,Apartment in GR,Vecchia Carpenteria@Kampielo #Corfu_Old_City,1 bed,Jun 1 – 6,4.26,27,42
listing_50087389,Villa in Paramonas,Sea View Villa Paramonas,10 beds,Jun 12 – 17,4.67,3,647
listing_29811354,Villa in Kassiopi,Villa Oneiro: Stunning views  private pool  A/C,7 beds,Jun 9 – 14,4.8,15,293
listing_53121232,Villa in Corfu,Luxury Villa Helanes,5 beds,Jun 13 – 18,5.0,4,794
listing_40672785,Villa in Kerkira,Melithea Seaview Villa,7 beds,Jun 19 – 24,5.0,12,799
listing_24283460,Villa in Mpenitses,Ionian Garden Villas: Villa Olea,8 beds,Jun 3 – 10,5.0,36,731
listing_770841867637327732,Villa in Nisaki,Old Stone House,3 beds,Jun 18 – 23,New,0,222
listing_11027969,Home in Kerkira,"House ""Irini"" in Corfu town",7 beds,Jun 1 – 6,4.63,38,254
listing_54009106,Villa in Kerkira,WOOL CAMEL,6 beds,Jun 4 – 9,5.0,3,846
listing_40773348,Villa in Karousádes,Sidari Beach Villa - Sidari Beach Villa,18 beds,Jun 1 – 6,5.0,3,672
listing_17690462,Villa in Nisaki,Luxury My Villa Corfu by GHH,8 double beds,Jun 5 – 10,4.9,10,"1,480"
listing_53142051,Villa in Melitsa,Villa Cocoon Sidari with private pool,5 beds,Jun 1 – 6,5.0,11,248
listing_17550859,Villa in Paramonas,Villa Cosambeli,8 beds,Jun 19 – 25,4.83,23,720
listing_33124805,Villa in Kalami,Villa Rastoni |Sunny family Villa top Views Kalami,7 beds,Jun 3 – 10,5.0,17,505
listing_3981629,Home in Corfu,Lux Seafront Villa-Heated Pool-Direct beach access,4 double beds,Jun 3 – 10,5.0,12,705
listing_12958378,Home in Acharavi,'Eleni Luxury Villa' by WhiteDream Villas,13 beds,Jun 1 – 8,5.0,24,840
listing_550597154139742476,Villa in Nisákion,Korypho Villa Nissaki,8 beds,Jun 3 – 10,5.0,6,"1,706"
listing_20430498,Earthen home in Kira Chrisikou,Casa T with amazing views,11 beds,Jun 19 – 24,4.76,61,564
listing_11779734,Condo in Corfu,villa fourtuna apartment,4 single beds,Jun 1 – 6,4.63,49,71
listing_21932108,Villa in Kontokali,Villa Jewel - Villa Jewel,7 beds,Jun 8 – 13,4.59,22,465
listing_51273261,Villa in Limni,Five Stars Villa Corfu 2 swimming pools and tennis,8 beds,Jun 1 – 6,4.71,7,"1,262"
listing_53860722,Private room in Kerkira,serene room,1 single bed,Jun 1 – 6,4.6,20,33
listing_30170969,Home in Arillas Magouladon,Panorama Villas in Arillas  Corfu,5 beds,Jun 24 – Jul 1,4.89,19,359
listing_50920565,Villa in Kontogialos,Ocean View Luxury Villa Ethra,4 beds,Jun 10 – 17,4.79,14,618
listing_30163899,Home in Kassiopi,Villa Helona: Estate type  pool  stunning views,6 beds,Aug 26 – 31,4.88,17,587
listing_23134805,Villa in Corfu,LA VISTA E BELLA ESTATE (NEAR ACHILLEION PALACE),9 beds,Jun 1 – 6,5.0,15,"1,175"
listing_21653215,Villa in Karniaris,Beachfront Villa Seasun - Beachfront Villa Seasun,11 beds,Jun 25 – 30,4.88,8,"1,003"
listing_32306522,Villa in Corfu,MaisonRose  the French Villa of Corfu (new!),7 beds,Jun 19 – 24,5.0,10,"1,128"
listing_43281659,Villa in Kalami,Kalami Beach Luxury Villa with private pool,5 beds,Jun 7 – 13,4.88,17,396
listing_614346022502220569,Villa in Sidari,Villa Evaggelia Sidari,13 beds,Jun 2 – 8,5.0,4,473
listing_43971041,Villa in Roda,Villa Doma Beach for up to 21 guests,14 beds,Jun 1 – 6,4.75,4,385
listing_1972489,Villa in Dassia,Villa St. Nicholas House With Private Pool.,13 beds,Jun 4 – 11,4.63,27,764
listing_26276287,Earthen home in Corfu Island,VILLA REN,10 beds,Jun 6 – 11,5.0,8,"1,293"
listing_52069513,Villa in Agios Ioannis Karousades  Kerkyra,Beach Villa Pangea with private pool,14 beds,Jul 2 – 7,5.0,4,825
listing_591950418204857676,Condo in Kerkira,The Heritage Penthouse!  Old City Centre,5 beds,Jun 3 – 8,4.91,11,517
listing_46034337,Villa in Corfu,Villa BLUELINE,4 beds,Jun 8 – 13,5.0,5,"1,763"
listing_49187950,Condo in Kerkira,Corfu town tranquility gem,4 beds,Jun 13 – 18,4.96,26,322
listing_25163809,Villa in GR,Villa Alex,5 beds,Jun 1 – 6,4.73,22,447
listing_43203902,Villa in Mparmpati,Villa Annie,6 beds,Jun 9 – 14,5.0,12,"1,058"
listing_4171525,Villa in Corfu,Villa Jeanne -Dassia- Swimming pool -Sea view,5 beds,Jun 1 – 8,4.97,34,610
listing_24082618,Apartment in Kerkira,Old Town Apt. in Saint-Spyridon str.,2 beds,Jun 1 – 6,4.82,148,84
listing_15653229,Condo in Kerkira,Classy Architect's renovated studio old town Corfu,1 double bed,Jun 1 – 6,4.79,66,107
listing_564805581021716011,Villa in Corfu,Villa Iliana,4 beds,Jun 1 – 6,5.0,6,412
listing_33368709,Home in Kerkira,Best View Apartment Saint Spyridon,4 beds,Jun 1 – 6,4.9,41,172
listing_50891169,Villa in Corfu,Villa Melissonia,5 beds,Jun 11 – 16,5.0,6,621
listing_15497275,Villa in Kerkira,Nel Verde and Skripero,7 beds,Jun 12 – 17,5.0,30,447
listing_875256,Home in Corfu,Charming beachfront villa - Entire house,12 single beds,Jun 1 – 8,4.92,37,783
listing_41172342,Villa in Pelekitó,Villa Arete - Villa Arete,7 beds,Jun 11 – 16,4.78,9,506
listing_18038336,Apartment in Corfu,Apartment in Historical Mansion Liston Corfu Town,3 beds,Jun 21 – 26,5.0,41,247
listing_14320787,Villa in Kassiopi,"""the Cassius Hill house""",4 beds,Aug 1 – 6,5.0,21,496
listing_8561628,Cottage in Nisaki,Villa Theodora: Amazing views  lovely pool  A/C,6 beds,Jun 9 – 14,4.69,17,297
listing_50535805,Villa in Vigglatouri,Villa Lithari-sea & mountainside views by the pool,5 beds,Jun 26 – Jul 1,4.91,22,371
listing_22974326,Villa in Corfu,Spacious Green Pool Villa Close to Cental Resort,7 beds,Jun 13 – 18,4.98,43,730
listing_13626929,Cottage in Corfu,Levanda Villa in Kassiopi (sea at 100 meters).,6 beds,Jun 1 – 7,4.91,24,635
listing_10975682,Villa in Nisaki,Villa Georgios: Large Private Pool  Sea Views  A/C  WiFi,8 beds,Jun 19 – 24,4.43,7,556
listing_972832,Villa in Corfu,Villa Privilege Classic with Tennis,8 beds,Jun 3 – 8,5.0,5,"1,152"
listing_41123717,Home in Kremithas,Villa Varvara with private pool,9 beds,Jul 15 – 22,4.41,17,726
listing_10981684,Villa in Nisaki,Villa Katerina: Large Private Pool  Walk to Beach  Sea Views  A/C  WiFi,8 beds,Jun 1 – 6,5.0,7,467
listing_12058990,Villa in Poulades,Villa Verde  over the hill  sea view  private pool,7 beds,Jun 1 – 8,5.0,28,356
listing_49088870,Home in Agia Triada,Iliopetra Houses,6 beds,Jun 4 – 9,5.0,18,517
listing_16365203,Apartment in Corfu,Bonagrazia,4 beds,Jun 9 – 14,4.84,104,212
listing_53763703,Villa in Kato Korakiana,Villa Kristefi  large private pool  spacious grounds  sleeps 8  WiFi  BBQ,5 beds,Jun 3 – 8,4.92,12,243
listing_31633120,Villa in Kontokali,Villa Durrell: Large Private Pool  Walk to Beach  A/C  WiFi,6 beds,Jun 11 – 16,4.75,4,604
listing_13285665,Villa in Kalami,Romantic Beachfront Villa with View,4 beds,Jun 1 – 6,4.77,36,835
listing_673578583271589684,Villa in Kerkira,Nisos Villas Corfu Beachfront Villa 1,5 beds,Jun 1 – 6,5.0,4,"1,265"
listing_50629942,Villa in Kalami,Kalami Beach - Villa Mara,8 beds,Jul 7 – 14,4.67,3,"1,595"
listing_1941815,Home in Corfu,Villa Chloe with Private Pool,7 beds,Jun 3 – 10,4.81,21,311
listing_38620147,Villa in Dassia,Villa Onore ★ Luxurious pool ★ hot tub ★ sauna,5 beds,Jun 18 – 23,4.8,5,"1,712"
listing_34957445,Villa in Corfu,City Villa with a Pool. Trendy area,6 beds,Jun 1 – 6,4.75,4,527
listing_50385057,Condo in Kerkira,Zia Maria's House next to Corfu port,1 queen bed,Jun 1 – 6,4.86,21,74
listing_2402006,Apartment in Kerkira,Breathtaking panoramic sea view.,5 beds,Jun 1 – 6,4.87,122,167
listing_673479406314925232,Villa in Mparmpati,Villa Mia Corfu,4 beds,Jun 1 – 6,5.0,3,987
listing_49543795,Villa in Kontogialos,Ocean View Luxury Villa Nefeli,6 beds,Jun 1 – 8,5.0,6,"1,019"
listing_50452719,Villa in Kalami,Colorful and sunny! in the best part of Corfu,4 beds,Jun 1 – 7,4.89,19,320
listing_50739070,Home in Corfu-Town,Cleopatra Sailing,3 double beds,Jun 18 – 23,4.88,16,118
listing_32550950,Villa in Kerkira,Villa Santalas,6 beds,Jun 3 – 10,5.0,17,353
listing_32550950,Villa in Kerkira,Villa Santalas,6 beds,Jun 3 – 10,5.0,17,353
listing_32229091,Condo in Corfu,AA apart Corfu-town/new Comfy&Design+lift/beach,4 beds,Jun 1 – 6,4.91,24,189
listing_20687430,Villa in Kato Korakiana,Luxury Wooden Villa with Pool  The Nest,6 beds,Jun 1 – 6,4.93,41,558
listing_13684500,Villa in Alepou,Lovely mansion with pool  close to Corfu town.,7 beds,Jun 1 – 6,4.96,27,610
listing_6898125,Cottage in Nisaki,Villa Andonis Nisaki 500metres from Nisaki Beach,9 beds,Jun 4 – 9,5.0,13,470
listing_43740306,Home in Agios Ioannis Parelia  Corfu,Karlaki House,4 beds,Jun 1 – 8,5.0,17,529
listing_757654134837107109,Villa in Corfu,The Summer House in Nissaki,5 beds,Jun 7 – 12,New,0,651
listing_41790719,Villa in Peritheia,Villa Corfu Panorama - Villa Corfu Panorama,14 beds,Jun 1 – 6,5.0,10,687
listing_34864833,Apartment in Kerkira,Swanky apartment in Corfu,3 beds,Jun 1 – 6,4.93,73,118
listing_53142927,Villa in Gefira,Luxury Villa Artemisia with private pool,5 beds,Jun 2 – 8,5.0,5,374
listing_47085486,Villa in Kato Korakiana,Ionian Sea View Villa with magnificent view,6 beds,Jun 6 – 11,5.0,7,651
listing_46323764,Home in Katavolos,Villa Kaminaki Panorama with private pool,6 beds,Jul 2 – 7,4.75,4,418
listing_20236711,Apartment in Kerkira,Renovated apartment near Lemonia Sqr Old Town,1 double bed,Jun 5 – 10,4.89,148,84
listing_37292118,Home in GR,Filia Stone Villa 10 Guests,6 beds,Jun 1 – 8,4.88,8,693
listing_661817,Apartment in Νησάκι,Zeus 2 PRIVATE pool apartment close to the see,3 beds,Jun 2 – 9,4.93,56,154
listing_52290833,Villa in Acharavi,Luxury Villa Piedra with private heated pool & jacuzzi,4 beds,Jun 1 – 6,4.88,8,358
listing_14378031,Villa in Corfu,Villa Aeolos,9 beds,Jun 1 – 6,5.0,19,"1,024"
listing_20528151,Home in Mesoggi,Evita's ikia seaside luxury house,4 beds,Jun 8 – 13,5.0,49,198
listing_53407322,Villa in Mpenitses,Villa Litsa: Large Private Pool  Walk to Beach  Sea Views  A/C  WiFi,5 beds,Jun 1 – 6,4.83,6,358
listing_13460642,Villa in Kerkira,Avlaki House  beachfront stylish villa in Kassiopi,10 beds,Jun 10 – 17,5.0,5,752
listing_675021333847591615,Villa in Kassiopi,VILLA MARIA-ROSE Modern 3-Bedroom Luxury Villa,5 beds,Jun 1 – 6,5.0,3,"1,275"
listing_46047751,Villa in Kerkira,Corfu Sea View Villa Alya,5 beds,Jun 1 – 6,4.86,21,302
listing_33969660,Condo in Corfu,Next 2 Metropolitan Church !!! House of Menecrates,4 beds,Jun 1 – 6,4.88,42,106
listing_33027616,Apartment in Kerkira,Lovely apartment in the heart of Corfu Town,1 double bed,Jun 1 – 8,4.6,82,95
listing_654714912459642739,Condo in Kerkira,L'appartement,3 beds,Jun 1 – 6,5.0,4,494
listing_11407861,Loft in Corfu,The professor's studio,2 beds,Jun 1 – 6,4.75,122,146
listing_35589536,Apartment in Kerkira,Comfy apartment close to the sea & MonRepos Palace,3 beds,Jun 1 – 6,4.74,51,82
listing_23666024,Apartment in Kerkira,Maryhope's Flat in Old Town with Amazing View,1 double bed,Jun 1 – 6,4.96,128,134
listing_32864163,Apartment in Corfu,Casa Corfio,3 beds,Jun 10 – 15,4.9,31,160
listing_38190418,Home in Kerkira,Mon repos studio Corfu old Town,2 beds,Jun 1 – 6,4.6,73,65
listing_43951488,Apartment in Kerkira,Old Town Apartment 1,1 double bed,Jun 1 – 6,4.33,18,83
listing_30317913,Home in Kerkira,Studio B,2 queen beds,Jun 10 – 15,5.0,9,123
listing_609318875762118421,Condo in Kerkira,Piccolo Centrale,1 bed,Jul 16 – 21,4.92,24,120
listing_32604127,Apartment in Kerkira,Darmani Spyros Apartments 3,6 beds,Jun 1 – 6,4.6,58,167
listing_33208722,Hotel room in Mpenitses,Single room  Potamaki Beach Hotel by the Sea,1 bed,Jun 1 – 6,4.8,5,50
listing_782312381891365213,Apartment in Kerkira,Kaparetto byCorfuescapes house,4 beds,Jun 1 – 6,New,0,288
listing_31710346,Apartment in Kerkira,Old Harbour Residence (Old Town),3 beds,Jun 1 – 6,5.0,32,119
listing_25002451,Condo in Kerkira,ELYANE(a ray of light)μια αχτίδα στην παλαιά Πόλη,1 double bed,Jun 1 – 6,4.84,25,77
listing_34072073,Apartment in Kerkira,Litsa's cozy studio,1 double bed,Jun 1 – 6,4.55,184,71
listing_18081866,Apartment in Kerkira,Cosy little modern-rustic apartment in center.,1 double bed,Jun 8 – 13,4.48,252,81
listing_35551231,Loft in Kerkira,New Fortress view loft,1 king bed,Jun 1 – 6,4.85,40,109
listing_35633477,Apartment in Nissaki,Nissaki Suite Kalypso,3 beds,Jun 7 – 12,4.58,43,96
listing_26590375,Apartment in Kerkira,"Yiannis seaside""corfu town"" Garitsa apartment",2 beds,Sep 23 – 28,4.86,71,118
listing_10894051,Apartment in Almyros  Acharavi,Maria Beach Studio,1 double bed,Jun 27 – Jul 2,4.69,42,59
listing_33096029,Apartment in Corfu,Dreamy Home,2 beds,Jun 1 – 6,4.92,118,83
listing_42470661,Guest suite in Mparmpati,Locanda Guesthouse 1,1 queen bed,Jun 1 – 6,5.0,22,118
listing_11490870,Apartment in Kontokali,Alexandros & Gerekos apartments,3 beds,Jun 3 – 8,4.75,21,91
listing_763932509875636537,Villa in Kavallerena,6 bed villa in Agni with spectacular views.,7 beds,Jun 4 – 11,New,0,554
listing_26824797,Apartment in Kerkira,Corfu's new fortress cosy apartments_Βlue,2 single beds,Jun 1 – 6,4.69,42,89
listing_770192104468983639,Villa in Kerkira,Poli House Corfu Town Villa W/ Pool,5 beds,Jun 1 – 6,New,0,587
listing_36347477,Apartment in Kerkira,Rosa House,3 beds,Jun 10 – 15,4.87,69,183
listing_34408831,Townhouse in Kerkira,“Harry & Rania” 2BDR A/C House (Garitsa),2 double beds,Jun 1 – 6,4.83,47,89
listing_42790693,Condo in Kerkira,Apartment IMERTI in the heart of Corfu city.....,3 beds,Jun 1 – 6,5.0,6,165
listing_48459976,Home in Agios Georgios South,Villa ELPIDA,5 beds,Aug 2 – 7,5.0,3,99
listing_775349795503011054,Villa in Nisaki,Ilios Sea View,5 beds,Jun 1 – 6,New,0,259
listing_21290467,Villa in Kassiopi,Beach Villa Nancy - Beach Villa Nancy,19 beds,Jun 1 – 6,4.64,11,631
listing_32063654,Home in Potamos,Villa Elli Potamos Corfu,3 beds,Jun 1 – 6,5.0,10,106
listing_29812170,Home in Nisaki,Villa Calypso: Stunning views  private pool  A/C,5 beds,Jun 1 – 6,4.69,29,221
listing_27159281,Home in Liapades,Villa Alba  Liapades,5 beds,Jun 1 – 7,4.86,22,306
listing_12885876,Home in Kerkira,"House""Maxim""Corfu town 4 bedrooms 3bathrooms  bbq",7 beds,Jun 1 – 6,4.68,38,278
listing_21520465,Home in Agnitsini  Sinies,Villa Vilelmina: Superb location and sea views,8 beds,Jul 7 – 12,4.71,31,464
listing_40048288,Home in Corfu - Κέρκυρα,Beach Villa Marina: Near Beach  private pool  A/C,6 beds,Jun 1 – 6,5.0,6,506
listing_8854789,Home in Acharavi,Beach Villa Angelos: Superb pool and gardens,4 beds,Jul 11 – 16,4.41,27,404
listing_41919298,Apartment in Acharavi,Sea & Sun Beach apartments - Upper floor 'Sun',4 beds,Jun 1 – 6,4.86,14,187
listing_572466368933093446,Villa in Kerkira,Luxury Villa Makris with private heated pool,6 beds,Jun 17 – 22,5.0,6,418
listing_796757638032144792,Villa in Potamos,Precious  relaxing   brand new gem close to everyw,10 beds,Jun 1 – 6,New,0,"1,152"
listing_785295504014634940,Home in Corfu,Holiday home Nora with 2 apartments and private pool,3 beds,Jun 1 – 8,New,0,165
listing_736768422490402868,Villa in Kerkira,Marina Vista Gouvia Corfu,7 beds,Jun 1 – 6,New,0,"1,645"
listing_33247471,Home in Corfu,Moraiti House,6 beds,Jun 1 – 6,4.89,9,230
listing_33534760,Villa in Mparmpati,Athiri House Villa Corfu,8 beds,Jun 1 – 6,5.0,7,788
listing_50409883,Home in Ipsos,Stavros House Ipsos - 100meters from the beach,5 beds,Jun 1 – 6,4.67,6,135
listing_53761489,Villa in Souleika,Achilleion Forest Villa,5 beds,Jun 1 – 6,5.0,5,375
listing_20145385,Villa in Kerkira,Villa Aphrodite in Corfu city,7 beds,Jun 1 – 6,5.0,7,846
listing_34324285,Villa in Kerkira,Villa Nitsa,5 beds,Jun 8 – 13,4.84,25,365
listing_46095895,Villa in Kerkira,Corfu Sea View Villa Cleo,7 beds,Jun 16 – 21,4.7,10,454
listing_50788597,Home in Corfu,Entire 4 bed villa with large pool  Gouvia  Corfu,4 beds,Jun 1 – 6,5.0,18,282
listing_13589839,Villa in Paramonas,VILLA ARIS - SEA VIEW,6 beds,Jun 1 – 6,4.88,26,231
listing_5814114,Home in Vitalades,villa belle plaza,4 beds,Jun 16 – 21,4.73,22,177
listing_34356304,Villa in Δήμος Κορισσίων,Villa Botzi-The house on the hill,4 beds,Jun 1 – 6,4.92,24,258
listing_4670630,Villa in Corfu,Villa Doukas,5 beds,Jul 2 – 7,5.0,6,361
listing_42109399,Villa in Corfu,Grand New and Spectacular sea views  Villa Sania,7 beds,Jun 11 – 16,5.0,9,"1,163"
listing_16307710,Home in Gouvia,Villa Sandra (with private swimming pool),6 beds,Jun 12 – 19,4.92,27,204
listing_36684128,Villa in Kompitsi,Hill House,4 beds,Jun 1 – 6,5.0,18,282
listing_51831700,Home in Kerkira,Collina Nadine's Apartments,2 beds,Jun 1 – 6,5.0,22,91
listing_45062790,Villa in Kerkira,Luxury Villa Irida,3 beds,Jun 9 – 14,New,0,240
listing_749853708940020383,Villa in EO Lefkimis,Ionian Garden Villas,15 beds,Jun 17 – 24,New,0,"2,047"
listing_13456387,Townhouse in Kerkira,"""Moraitis Mansion"" - 2Floor Unique Home Corfu Town",8 beds,Jun 1 – 6,4.65,26,628
listing_42622018,Condo in Kerkira,Corfu Old Town Apartman,3 queen beds,Jun 1 – 6,4.39,31,193
listing_20250266,Apartment in Corfu,Corfu City Center Modern Apartment,3 beds,Jun 10 – 15,4.9,93,154
listing_772360237911239588,Private room in Kalami,Yiannis Seaview Appartment,2 beds,Jun 7 – 12,New,0,76
listing_623735125982232534,Villa in Corfu,Villa Telio,4 beds,Jun 1 – 6,4.73,15,180
listing_44805608,Home in Kassiopi,Villa Olga Kassiopi with private pool,7 beds,Jun 24 – 29,4.67,15,275
listing_614260834513931747,Condo in Kerkira,Luccil's Home Downtown,3 beds,Jun 5 – 10,4.88,8,140
listing_18087316,Home in Lefkimmi,Home ''George-Rania'' - Idyllic beach house,4 beds,Jun 29 – Jul 4,4.95,38,231
listing_47209328,Apartment in Paleokastritsa,Dolphin 6 Palaiokastritsa Corfu★150m to the beach,3 beds,Jun 1 – 6,4.22,23,142
listing_49037381,Apartment in Palaiokastritsa,LILI'S STUDIOS 2,3 beds,Jun 1 – 6,4.75,20,47
listing_48780710,Apartment in Palaiokastritsa,LILI'S STUDIOS 1,2 beds,Jun 1 – 6,4.92,25,59
listing_47208913,Apartment in Paleokastritsa,Dolphin 2 Palaiokastritsa Corfu★150m to the beach,2 single beds,Jun 1 – 6,4.55,20,70
listing_13262527,Apartment in Palaiokastritsa,ANGELA ROOMS (PANORAMA),3 double beds,Jun 3 – 8,4.93,103,271
listing_16904283,Apartment in Kerkira,Fanis Apartment,3 beds,Jun 1 – 6,4.9,72,123
listing_27872097,Condo in Palaiokastritsa,ANGELA ROOMS (3),1 queen bed,Jun 1 – 6,4.92,80,80
listing_5975479,Apartment in Palaiokastritsa,Room with sea view veranda at 20 m from the beach,1 queen bed,Jun 1 – 6,4.62,85,83
listing_16305366,Private room in Palaiokastritsa,Fotini Studios,2 beds,Jun 1 – 6,4.81,33,78
listing_31603885,Apartment in Palaiokastritsa,Aliki Apartment 1,5 beds,Jun 15 – 20,4.92,24,144
listing_51916428,Apartment in Palaiokastritsa,Kiki 3 apartments in Paleokastritsa,3 beds,Jun 1 – 6,4.9,10,94
listing_27871351,Condo in Palaiokastritsa,ANGELA ROOMS (2),1 queen bed,Jun 1 – 6,4.91,66,80
listing_47207955,Apartment in Paleokastritsa,Dolphin 1 Palaiokastritsa Corfu★150m to the beach,2 single beds,Jun 1 – 6,4.0,5,62
listing_45728229,Apartment in Palaiokastritsa,Villa Bouganville | 2 BR Apt. w/ La Grotta Seaview,3 beds,Jun 8 – 13,4.9,10,158
listing_19079530,Apartment in Sarandë  Albania,Penthouse and seaview terrace  Saranda  Albania,3 beds,Jun 1 – 6,4.87,112,62
listing_47209328,Apartment in Paleokastritsa,Dolphin 6 Palaiokastritsa Corfu★150m to the beach,3 beds,Jun 1 – 6,4.22,23,142
listing_48780710,Apartment in Palaiokastritsa,LILI'S STUDIOS 1,2 beds,Jun 1 – 6,4.92,25,59
listing_16904283,Apartment in Kerkira,Fanis Apartment,3 beds,Jun 1 – 6,4.9,72,123
listing_47208913,Apartment in Paleokastritsa,Dolphin 2 Palaiokastritsa Corfu★150m to the beach,2 single beds,Jun 1 – 6,4.55,20,70
listing_43719673,Apartment in Kassiopi,Corfu island KASSIOPI’S best sea view apartment,3 beds,Jun 24 – 29,5.0,23,166
listing_42067870,Villa in Kassiopi,The Stone House Avlaki Bay.,3 beds,Jun 10 – 16,5.0,4,690
listing_19472585,Apartment in Kassiopi,Corfu in Kassiopi's Castle apartment by seaside,3 beds,Jun 1 – 6,4.96,51,111
listing_16922980,Apartment in Kassiopi,The Harbour House,4 beds,Jun 12 – 17,5.0,17,345
listing_51340948,Villa in Kassiopi,LIASKOS VILLA,7 beds,Jun 11 – 16,4.83,6,470
listing_29214088,Villa in Kassiopi,The Olive Grove House,6 beds,Jun 1 – 6,4.9,21,254
listing_6003014,Home in Kassiopi,Beach House Christina,4 beds,Jul 7 – 12,4.92,26,175
listing_6417084,Apartment in Kassiopi,Front studio N.3 Villa Perris,2 beds,Jun 11 – 16,4.79,14,67
listing_585946861113279530,Home in Kassiopi,In the heart of Kassiopi  15min walk to the beach,5 beds,Jun 1 – 6,5.0,6,125
listing_41342691,Apartment in Lefkimmi,Beachfront apartment with beautiful sea view,2 beds,Jun 1 – 6,4.83,23,106
listing_613355284851622283,Home in Κέρκυρα,Nema houses - Cute cozy house at Lefkimmi Corfu,2 double beds,Jun 10 – 15,4.92,12,85
listing_46537438,Villa in Lefkimmi,"Villa ""by the sea""",9 beds,Jun 1 – 6,4.8,5,365
listing_51146275,Home in Lefkimmi,"The ""old olive oil factory"" loft.",2 beds,Jun 3 – 8,5.0,12,100
listing_10998859,Home in Lefkimmi,In villa private apartment [ ΑΜΑ 223592],1 bed,Jun 1 – 6,4.93,41,58
listing_37548136,Villa in Lefkimmi,Sgouris,7 double beds,Jun 1 – 6,4.93,14,259
listing_603243073457471156,Cottage in Lefkimmi,"Archontiko ""Danae""- a renovated traditional house.",2 beds,Jun 1 – 6,5.0,4,53
listing_25027502,Home in GR,Granis Family House,3 double beds,Jun 1 – 6,5.0,16,148
listing_10999047,Home in Lefkimmi,In Villa Nikoli priv. apartm sleeps 5 AMA 223322,3 beds,Jun 1 – 6,5.0,27,100
listing_637503551993827752,Villa in Arillas,Villa Bavaria with pool,6 beds,Jun 2 – 7,5.0,7,299
listing_38321914,Home in Kavos,Casa Margarita Corfu 2 beach house/ ρ.ν. 1102941,3 beds,Jun 1 – 6,4.9,20,160
listing_5261118,Apartment in Corfu,Alexandra's Little Home (Studio),2 beds,Jun 1 – 6,4.77,31,53
listing_37117250,Home in Lefkimmi,RIVER HOUSE MARIA,4 beds,Jun 1 – 6,4.83,6,134
listing_657226389976825900,Apartment in Lefkimmi,Potami Studios II,2 beds,Jun 1 – 6,4.75,4,64
listing_18000999,Cottage in Lefkimmi,Riverside family house,6 beds,Jun 1 – 6,4.84,31,141
listing_36826704,Villa in Syvota,7 Modern Cave Style Villa With SeaView in Syvota,2 double beds,Jun 1 – 6,4.75,4,260
listing_5944254,Apartment in Palaiokastritsa,Studio with sea view garden at 150 m from beach,2 beds,Jun 20 – 25,4.55,73,83
listing_2984236,Private room in Palaiokastritsa,Villa Anthoussa - apartment,2 beds,Jun 1 – 6,4.8,85,83
listing_635854323920168850,Apartment in Corfu,Korina Studios,1 queen bed,Jun 5 – 10,4.43,7,88
listing_44262745,Private room in Paleokastritsa,Vanilla studio 4,2 single beds,Jun 1 – 6,4.82,45,42
listing_32276996,Private room in Paleokastritsa,Eftyxia Studio 2,1 queen bed,Jun 1 – 6,4.75,4,45
listing_31069893,Villa in Paleokastritsa,Aghia Triada Villa in Paleokastritsa,4 beds,Jun 1 – 7,5.0,14,294
listing_17486385,Home in Kerkira,Villa Thalia  Paleokastritsa 100 mts from the sea,4 beds,Jun 1 – 6,4.03,37,130
listing_21622561,Home in Lakones,Villa Electra,4 beds,Jun 1 – 6,4.93,54,200
listing_18203180,Home in Liapades,Amalia's House  Liapades,2 double beds,Jun 3 – 8,4.84,44,153
listing_15749560,Apartment in Palaiokastritsa,Kiki apartments in Paleokastritsa,4 beds,Jun 1 – 6,4.72,71,94
listing_13568170,Apartment in Palaiokastritsa,New renovated studio at 150 m from the beach,1 queen bed,Jun 1 – 6,4.76,52,83
listing_13279613,Loft in Palaiokastritsa,ANGELA ROOMS (PANORAMA 2),1 double bed,Jun 1 – 6,4.87,124,105
listing_13488347,Condo in Palaiokastritsa,ANGELA ROOMS (1),1 double bed,Jun 1 – 6,4.9,99,80
listing_20768012,Cottage in Palaiokastritsa,Cool comfortable cottage  sea view from top patio,1 king bed,Jun 1 – 6,4.95,21,177
listing_24380775,Home in Liapades,Myrto's house,4 beds,Jun 16 – 21,4.78,54,136
listing_37050461,Apartment in Palaiokastritsa,Villa Amaryllis | Homey 2-BR Apt w/ Seaview,3 beds,Jun 4 – 9,4.91,22,195
listing_17411482,Apartment in Kerkira,Villa Magnolia relaxing holiday 250mtsfrom the sea,1 double bed,Jun 1 – 6,4.69,27,65
listing_25976170,Apartment in Palaiokastritsa,Sea Breeze Beach Studio,1 double bed,Jun 1 – 6,4.36,14,77
listing_11665760,Apartment in Palaiokastritsa,Studio with sea view at 150 m from the beach,2 single beds,Jun 1 – 6,4.58,65,83
listing_22879864,Apartment in Paleokastritsa,VANILLA apartment 1,4 beds,Jun 1 – 6,4.77,61,87
listing_648508934349060373,Guesthouse in Paleokastritsa,Vanilla flower  apartment,3 beds,Jun 1 – 6,4.86,7,106
listing_45184864,Villa in Lakones,TANGO SEA VIEW VILLA,4 beds,Jun 1 – 6,5.0,7,194
listing_37034852,Apartment in Palaiokastritsa,Elysium Apartments Corfu-Superior Sea View Apt.,1 double bed,Jun 1 – 6,4.59,17,124
listing_26081034,Home in Palaiokastritsa,“BETTY APARTMENTS” -the 2-bedrooms apartment,4 single beds,Jun 1 – 6,4.66,41,117
listing_25012049,Apartment in Palaiokastritsa,Sea Breeze,2 single beds,Jun 1 – 8,4.5,18,71
listing_42158569,Private room in Palaiokastritsa,LITHERI-studio room № 2,1 double bed,Jun 1 – 6,4.84,31,47
listing_22859278,Home in Paleokastritsa,VANILLA villa calm,5 beds,Jun 1 – 6,4.66,32,104
listing_17409744,Apartment in Paleokastritsa,Villa Magnolia www.magnolia.corfu360.net,1 double bed,Jun 1 – 6,4.69,37,59
listing_3537193,Apartment in Palaiokastritsa,Αnnex Studios #2 - Palaiokastritsa,2 beds,Jun 1 – 6,4.6,92,71
listing_25049948,Private room in Corfu,Stamatela Studios number 10,2 single beds,Jun 1 – 6,4.79,56,48
listing_6707734,Apartment in Palaiokastritsa,Room with private veranda at 20 m from the beach,2 single beds,Jun 9 – 14,4.63,79,83
listing_3591328,Apartment in GR,Αnnex Studios #4 - Palaiokastritsa,2 beds,Jun 1 – 6,4.71,69,83
listing_25759987,Guest suite in Kerkira,“BETTY APARTMENTS” - studio,2 single beds,Jun 1 – 6,4.85,59,58
listing_44520102,Home in Liapades,Villa Aspros - Traditional  Peace & Beach,3 beds,Jun 1 – 6,4.89,18,187
listing_623069494550079343,Condo in Lakones,Themi's House,3 beds,Jun 1 – 6,5.0,13,118
listing_42021984,Private room in Palaiokastritsa,LITHERI-studio room № 3,2 beds,Jun 1 – 6,4.58,31,71
listing_18662782,Home in Krini,Villa Maria ⁂One House ⁎Thousands Memories⁂,6 beds,Jun 1 – 6,5.0,56,235
listing_33675048,Home in Κέρκυρα,Tsoukias House,2 double beds,Jun 16 – 21,4.86,7,106
listing_3183082,Villa in Liapades,Villa Greece,4 single beds,Jun 15 – 20,5.0,8,353
listing_11095988,Apartment in Palaiokastritsa,Room with amazing sea view at 20 m from the beach,2 single beds,Jun 9 – 14,4.8,65,83
listing_5939913,Apartment in Palaiokastritsa,Apartment with 2 bedrooms at 150m from the beach,3 beds,Jun 1 – 6,4.53,55,124
listing_6580533,Apartment in Liapades,Conelli House Quiet close to the beach,1 double bed,Jun 1 – 7,4.85,35,52
listing_25027177,Home in Lakones,Rambely's house,2 single beds,Jun 1 – 6,4.98,57,71
listing_24295966,Guest suite in Palaiokastritsa,"""LITHERI"" - House with a view",3 beds,Jun 1 – 6,4.4,10,94
listing_13853597,Condo in Agios Georgios Pagon,Corfiotpanorama Apartments with View,3 beds,Jun 1 – 6,4.97,31,125
listing_3591346,Apartment in Palaiokastritsa,Αnnex Studios #3 Palaiokastritsa,2 beds,Jun 1 – 6,4.64,61,83
listing_17991264,Villa in Chorepiskopi,Villa Areti  Amazing Views,3 double beds,Jun 1 – 6,4.67,61,118
listing_23617510,Apartment in paleokastritsa,Paradise Apts View to the mountain and sea view,4 beds,Jun 1 – 6,4.63,9,177
listing_3202820,Apartment in GR,Αnnex Studios #1 - Palace Caster,2 beds,Jun 1 – 6,4.6,87,83
listing_42158683,Private room in Palaiokastritsa,LITHERI-studio room №1.,1 double bed,Jun 1 – 6,4.41,29,47
listing_5925147,Apartment in corfu,Shambala   2 bedroom apartment in Liapades Corfu,3 beds,Jun 1 – 6,4.43,14,106
listing_21366231,Cottage in Liapades,Stunning family retreat near mesmerizing beaches,4 single beds,Jun 1 – 6,4.84,55,139
listing_17935427,Home in Liapades,Village House,2 beds,Jun 1 – 6,4.96,84,106
listing_17442924,Home in Lakones,Nia's House Lakones Corfu,3 beds,Jun 1 – 6,4.98,59,141
listing_5936257,Apartment in corfu,Shambala   one bedroom apartment in Liapades,2 single beds,Jun 1 – 6,4.35,34,53
listing_39501093,Apartment in Paleokastritsa,Wonderful and relaxing holiday in Paleokastritsa,1 double bed,Jun 1 – 6,4.75,16,59
listing_18436658,Villa in Liapades,Traditional village home in Liapades,3 beds,Jun 1 – 6,4.82,39,100
listing_29337346,Condo in Agios Georgios Pagon,Patras Roof apartment,1 double bed,Jun 1 – 6,5.0,23,89
listing_599875419735328573,Home in Kerkira,Casa De La Alegría,6 beds,Jun 1 – 6,5.0,7,134
listing_49355749,Villa in Palaiokastritsa,Paleo Villas -Salvia- Pool  Sea View  BBQ,3 beds,Jun 11 – 16,5.0,5,583
listing_602662731395909156,Apartment in Palaiokastritsa,Bozikis Studios,2 single beds,Jun 1 – 6,5.0,3,96
listing_6023529,Home in Agios Georgios Pagon  Corfu,Zen Stone House near S.George Beach,2 queen beds,Jun 1 – 8,4.76,34,103
listing_859019,Apartment in Kerkira,"Holiday on corfu "" Villa panorama """,2 king beds,Jun 1 – 6,4.75,79,65
listing_18607204,Condo in Kerkira,Ulisse Studios Paleokastritsa Corfu,2 single beds,Jun 1 – 6,4.68,71,54
listing_23896723,Apartment in Paleokastritsa,Ulisse studio/apartment,2 single beds,Jun 1 – 6,4.95,21,54
listing_43156871,Home in Παλαιοκαστρίτσα,Paleokastritsa Beach villa Yannis,4 single beds,Jun 1 – 6,4.64,25,529
listing_1178586,Home in Corfu,holiday on corfu2 bedroom apart '1',4 beds,Jun 1 – 6,4.77,61,100
listing_25994574,Villa in Paleokastritsa,Villa Angelo Jacuzzi Apartment,1 queen bed,Jun 1 – 6,4.88,27,106
listing_18307093,Villa in Doukades,Doukades - Villa Alexakis,5 beds,Jun 1 – 6,4.96,51,247
listing_40447724,Cottage in Liapades,The Lions House,4 beds,Jun 1 – 7,4.9,21,83
listing_37740087,Apartment in Palaiokastritsa,Sea Breeze 1,2 beds,Jun 1 – 6,4.8,15,94
listing_45509228,Home in Liapades,⭐️ NEW ⭐️ La Maisonette TRADITIONAL HOUSE LIAPADES,1 queen bed,Jun 12 – 17,4.92,12,124
listing_36600583,Home in Doukades,Natasa's cozy house,2 beds,Jun 1 – 6,4.97,34,99
listing_680220483218820333,Cottage in Krini  Corfu,Luxury mini villas AA,3 beds,Jun 1 – 6,5.0,4,165
listing_651241945301390427,Villa in Liapades,CARPE DIEM MOURSIA HOUSE,3 beds,Jun 1 – 6,5.0,6,412
listing_28086567,Home in Doukades,OLIVE HOUSE,1 bed,Jun 1 – 6,4.87,23,38
listing_36720931,Home in Liapades,Cosy studio in the traditional village of Liapades,2 beds,Jun 1 – 6,4.77,31,113
listing_49378227,Villa in Palaiokastritsa,Paleo Villas -Lilium- Pool  Sea View  BBQ.,1 double bed,Jun 1 – 6,5.0,5,350
listing_50303836,Private room in Liapades,Almond Studio's,1 queen bed,Jun 1 – 6,4.73,15,49
listing_25450449,Guesthouse in Palaiokastritsa,Annex Studios #5- Palaiokastritsa,2 beds,Jun 1 – 6,4.42,45,83
listing_32198279,Home in Valanio,Kosta's Country House Corfu,4 beds,Jun 1 – 6,4.94,16,212
listing_28020208,Private room in Liapades,The White House Studio One,2 beds,Jun 1 – 6,4.93,55,77
listing_26507475,Villa in Afionas,Villa Meli Afionas Corfu,4 beds,Jun 1 – 6,4.97,32,188
listing_4599877,Apartment in Pagon,Ground floor apartment 300m. from the beach,3 beds,Jun 1 – 6,4.83,47,100
listing_33825169,Home in Liapades,Welcoming summer apartment ideal for couples,2 single beds,Jun 1 – 6,4.84,45,89
listing_41541993,Condo in Kerkira,Venere Apartment,3 beds,Jun 1 – 6,5.0,13,130
listing_6302299,Cottage in Ano Korakiana,KorakianaCottage,4 beds,Jun 1 – 6,4.93,30,215
listing_48496821,Villa in Afionas  Kerkyra,Villas Porto Kamini in Afionas Corfu,4 beds,Jun 1 – 6,5.0,4,271
listing_29511076,Home in Kavvadades,Lefkimmiatis Villa Elaia newly built,3 beds,Jun 1 – 6,5.0,18,329
listing_6737764,Condo in Pagon,Apartment on the first floor 300m.from the beach.,3 beds,Jun 1 – 6,4.92,73,89
listing_25198052,Villa in Liapades,Lola's House,4 beds,Jun 1 – 8,5.0,3,235
listing_574493014559863147,Home in Agios Georgios Pagon,Orion House  Amazing House At Delfini Resort,6 beds,Jun 19 – 24,4.6,5,161
listing_27594131,Home in Palaiokastritsa,Ulisse Apartments Paleo,3 beds,Jun 1 – 6,4.83,18,71
listing_3919319,Home in Liapades,The Olive Tree House,3 beds,Jun 1 – 8,4.82,33,151
listing_44729755,Home in Doukades,Entire home with stunning garden 5min form the sea,1 double bed,Jun 1 – 6,5.0,29,200
listing_5301160,Villa in Kerkira,Villa Panayia - spacious with amazing sunset views,7 beds,Jun 14 – 19,4.89,9,481
listing_13219734,Home in Kerkira,Beautiful Cottage in the Pinewoods of Kompitsi,2 double beds,Jun 1 – 6,5.0,33,126
listing_27863871,Condo in Palaiokastritsa,Two-Bedroom Apartment with Sea View,5 single beds,Jun 1 – 6,4.86,7,588
listing_51123146,Apartment in Arillas Magouladon  Corfu,La Casa d'Arilla,2 beds,Jun 7 – 12,5.0,27,130
listing_50244962,Apartment in Afionas,Spiros and Polyxeni Studio 2 Afionas,2 single beds,Jun 17 – 22,4.86,7,71
listing_10483195,Hotel room in Liapades,medusa lux apartments,2 beds,Jun 1 – 6,4.7,45,71
listing_617922672684098115,Apartment in Agios Georgios,Spiros Studios,2 single beds,Jun 1 – 6,5.0,5,47
