0,Villa in Agnitsini,Folitsa Villa in Agnítsini  Corfu,1 bed,Jun 9 – 14,5.0,11,130
1,Villa in Sidari,Beach Villa Verano with private pool,8 beds,Jun 10 – 15,4.9,10,451
2,Villa in Agios Georgios,Corfu Villa near sandy beach with pool and views,8 beds,Jun 10 – 15,5.0,9,307
3,Villa in Corfu,Stunning 3 Bedroom Sea View Luxury Villa in Sinies,4 beds,Jun 10 – 17,4.94,62,382
4,Villa in Barbati,"Korypho Villa ""West""",6 beds,Jun 5 – 12,5.0,13,593
5,Villa in Kassiopi,Thea Estate,6 beds,Jun 18 – 24,4.78,9,404
6,Villa in Corfu,Stunning 4 Bedroom Sea View Luxury Villa in Sinies,5 beds,Jun 10 – 17,4.88,8,460
7,Private room in Mesoggi,Galini Beach Studios (Sea View),1 bed,Jun 5 – 12,4.98,42,83
8,Cottage in corfu,Eden Villa's corner of paradise,1 king bed,Jun 6 – 11,4.96,52,177
9,Cottage in Kavallerena,Vista Mare Assinia: Amazing views and pool  A/C,5 beds,Jun 7 – 12,4.65,26,360
10,Villa in Corfu,Villa ALGEOS suspended between sky and blue sea,8 king beds,Jun 21 – 26,4.9,30,694
11,Villa in Liapades,Stone Villa,3 beds,Jun 2 – 7,4.95,21,361
12,Villa in Corfu,Jade Villa,4 beds,Jun 11 – 16,5.0,21,633
13,Villa in Agios Ioannis,Villa Lydia,5 beds,Jun 29 – Jul 4,5.0,29,261
14,Home in Corfu,Angel's House,1 king bed,Jun 1 – 6,5.0,22,141
15,Villa in Agni  Gimari,Villa Regina: Above Agni  superb views and pool,7 beds,Jun 16 – 21,4.83,40,286
16,Home in Corfu,Yalos Beach House Corfu,7 beds,Jun 1 – 6,4.93,29,247
17,Home in Spartilas,★ Villa Faiax ★ stunning pool views Ipsos bay,6 beds,Jun 24 – 29,4.9,10,499
18,Villa in Agnos,Villa Paradiso: Near beach  superb pool and garden,9 beds,Jun 5 – 10,4.89,44,290
19,Apartment in Corfu,Cozy apartment in the heart of the historic center,2 double beds,Jun 26 – Jul 1,4.19,32,63
20,Apartment in Corfu,City walls sea view,3 beds,Jun 26 – Jul 1,4.99,95,130
21,Home in Corfu,Corfu Seaview Maisonette - Sopra IL Mare,4 beds,Jun 9 – 14,5.0,41,276
22,Home in Kerkira,OUSAKOF 8,3 beds,Jun 20 – 25,4.96,114,118
23,Home in Boukari,Blue Horizon (Boukari),3 beds,Jun 22 – 27,4.96,47,141
24,Home in Corfu,Panorama Villa II  Arillas  Corfu,5 beds,Jun 10 – 17,4.96,23,336
25,Apartment in Petriti,House Kalithea,2 beds,Jun 11 – 16,5.0,55,92
26,Apartment in Kerkira,Old Town Apartment,2 double beds,Jun 1 – 8,4.99,167,100
27,Apartment in Corfu,Apartment at the historical center!!,2 double beds,Jun 26 – Jul 1,4.79,176,83
28,Villa in Kerkira,Corfu Sea View Villa Leo,3 beds,Jun 1 – 6,4.87,38,253
29,Villa in Corfu,Rosemarine Villa by the beach in Kassiopi.,7 beds,Jun 10 – 17,4.89,18,729
30,Villa in Lefkimmi,Villa Pied dans l 'eau,7 beds,Jun 4 – 9,4.82,11,289
31,Villa in Apraos,Apraos Beachfront Studio,1 double bed,Jun 7 – 14,4.82,11,289
32,Home in Nisaki,Villa Alexandros: Lovely villa  roof terrace pool,6 beds,Jun 2 – 7,4.96,50,317
33,Villa in Nisaki,Kefalaki: Superb sceneries and views  private pool,5 beds,Jun 10 – 15,4.7,10,264
34,Apartment in Kerkira,Evita's  Old town  panoramic view,2 beds,Jun 16 – 21,5.0,38,78
35,Villa in Agnitsini,Kerasia Bay View Villa  Corfu,8 beds,Jun 10 – 15,5.0,6,371
37,Apartment in Benitses  Corfu,Pantazis Studio No 7,1 double bed,Jun 9 – 14,4.73,83,45
38,Villa in Kerkira,Villa Maxim  Halikounas Corfu,7 beds,Jun 5 – 12,4.85,27,380
39,Villa in Corfu,Hillside Villa 3 Provence with pool and sea view,5 beds,Jun 29 – Jul 4,4.8,10,264
40,Cottage in Nissaki,Villa Ioanna  stone villa - private swimming pool,3 beds,Jun 8 – 15,5.0,27,318
41,Cottage in Corfu,"Villa ""SPITAKI"" Astrakeri",4 single beds,Jun 1 – 6,4.98,52,83
42,Apartment in Kerkira,Kiko Studios II,1 double bed,Jun 29 – Jul 4,4.98,40,80
43,Cottage in Dassia,The Wild Cyclamen stone house and estate,1 king bed,Jun 19 – 26,5.0,34,106
44,Apartment in Palaiokastritsa,Elysium Apartments Corfu-Studio Partial Sea View,1 bed,Jun 7 – 12,4.89,18,64
45,Villa in Pentati,'Anthelia' Nr Ag Gordis - Prestige Villas of Corfu,6 beds,Jun 18 – 23,5.0,6,992
46,Apartment in Kerkira,Bright Elegant Apartment - Corfu Old Town,2 beds,Jun 19 – 24,4.97,112,100
47,Villa in Kato Korakiana,Boutique Sea View & Pool Serene Corfu Villa,6 beds,Jun 10 – 15,4.96,23,528
48,Apartment in Kerkira,Fabulous apartment in the heart of the Old Town,5 beds,Jun 1 – 6,4.9,98,119
49,Condo in Corfu,Dimitri's Apartment,3 beds,Jun 14 – 19,4.92,351,89
50,Condo in Kerkira,My apartment,1 bed,Jun 1 – 6,4.57,21,47
51,Home in Corfu,Beachfront villa in Avlaki Kassiopi Corfu,12 beds,Jun 20 – 27,4.75,4,890
52,Villa in Roda,Luxury Villa Hera - Beachfront,8 beds,Jun 13 – 18,4.84,25,711
53,Villa in Corfu,☀️VILLA PELEKAS - 4BR/4BA w/heated pool & views☀️,8 single beds,Jun 16 – 21,5.0,15,529
54,Home in Corfu,Detached house with privacy and swimming pool,3 beds,Jun 26 – Jul 1,4.61,52,217
55,Home in Corfu,Modern stone house with stunning sea view,2 beds,Jun 21 – 28,4.98,53,403
56,Villa in Pelekas,Yucca Tree Cottage  nice house with large pool,4 single beds,Jun 5 – 10,5.0,17,183
57,Apartment in Kerkira,Lovely apartment in the city of Kerkira,1 bed,Jun 8 – 13,4.94,34,71
58,Villa in Mparmpati,"Korypho Villa ""East""",5 beds,Jun 3 – 10,4.88,17,593
59,Villa in Agnos,Luxury Beach Villa Danune with private pool,3 beds,Jun 20 – 26,4.83,6,330
60,Condo in Agios Ioannis Peristeron,Villa Fourtuna Studio,2 beds,Jun 1 – 6,4.81,58,59
61,Home in Corfu,Cosy eco cottage in Liapades Corfu,2 beds,Jun 30 – Jul 5,4.95,199,158
62,Apartment in Kerkira,Corfu Town Penthouse,3 beds,Jun 1 – 6,5.0,9,235
63,Apartment in Kerkira,Kiko Studios I,2 beds,Jun 1 – 6,5.0,33,89
64,Cottage in Corfu,Luxurious Beachfront Fisherman's Cottage In Agni,3 beds,Jun 18 – 23,5.0,4,682
65,Villa in Nisaki,Aphrodite Club Villa with private pool,16 beds,Jun 1 – 7,5.0,4,682
66,Home in Nisaki,Villa Kalithea Corfu  villa with a fabulous view,6 beds,Jun 23 – 28,5.0,15,412
67,Home in Kerkira,Casa Margarita Corfu Beach House Reg. 1102941,10 beds,Jun 10 – 15,5.0,23,543
68,Villa in Kassiopi,Villa Apleton Kassiopi Corfu,6 beds,Jun 1 – 8,4.85,20,353
69,Condo in Kerkira,Studio Niovi  Mon Repos Κερκήρας.,1 double bed,Jun 1 – 6,4.74,198,60
70,Villa in Sidari,Villa Plastiras Sidari with private pool,11 beds,Jun 24 – 29,5.0,9,385
71,Villa in Kerkira,Kommeno Bay View - Prestige Villas of Corfu,5 beds,Jun 1 – 8,5.0,9,385
72,Villa in Kassiopi,Beach Villa Petros with private pool,9 beds,Jun 15 – 22,4.8,10,444
73,Apartment in Paleokastritsa,Patio sea view l Close to everything l 2 BR + pkg,3 beds,Jun 1 – 8,5.0,62,288
74,Villa in Kalami,Kalami Sunlight Luxury Villa  Near Beach with pool,5 beds,Jun 1 – 7,4.91,58,355
75,Villa in Kerkira,Melithea Seaview Villa,7 beds,Jun 19 – 24,5.0,12,799
76,Cottage in Lefkimmi,"Home ""Maro""-Dream beach house",2 double beds,Jun 1 – 6,4.86,139,336
77,Condo in Kerkira,Platy Kantouni apartment in the center of old town,2 beds,Jun 10 – 15,4.97,140,83
78,Villa in Mpenitses,Ionian Garden Villas: Villa Pietra,8 beds,Jun 17 – 24,4.95,43,784
79,Cottage in Pentati,Mantzaros Traditional House,3 beds,Jun 10 – 15,4.97,71,84
80,Villa in Agios Gordios,Villa Sea View Descansa - Prestige Villas of Corfu,4 beds,Jun 18 – 23,4.86,7,583
81,Villa in Apraos,Apraos Beachfront House,4 beds,Jun 29 – Jul 6,4.86,7,583
82,Apartment in Kerkira,Old Town Home,2 beds,Jun 1 – 8,4.96,189,77
83,Condo in Kerkira,Luxury Nest,2 beds,Jun 4 – 9,4.95,20,69
84,Villa in Kalami,Kalami Beach Luxury Villa with private pool,5 beds,Jun 7 – 13,4.88,17,396
85,Apartment in Kerkira,APT IN THE HISTORICAL CENTER,3 beds,Jun 2 – 7,4.57,53,89
86,Cottage in Pentati,Mantzaros Little House,4 beds,Jun 23 – 28,5.0,30,106
87,Apartment in Kerkira,The Magic Flat: Top floor with amazing view,2 double beds,Jun 1 – 6,4.98,89,153
88,Villa in Corfu,The RivieraBarbati PrestigeVI.Blue 2-Bedroom PrPool,3 beds,Jun 6 – 11,4.98,89,153
89,Apartment in Αχαράβη,Beach Villa Vaso Ena: Beachfront  stunning views,4 single beds,Jun 8 – 13,4.89,18,84
90,Apartment in Palaiokastritsa,Vanilla calm studio 3,1 queen bed,Jun 1 – 6,4.94,77,44
91,Apartment in Nissaki,Nissaki Suite Poseidon,3 beds,Jun 20 – 27,4.79,29,117
92,Condo in Kerkira,Lovely apartment in the city of Κέρκυρα,1 queen bed,Jun 13 – 18,5.0,26,76
93,Home in Kerkira,Casetta @Old Town Corfu,1 double bed,Jun 1 – 6,New,0,83
94,Apartment in Corfu,Senses Suite Tria: Luxury  renovated Apartment,1 double bed,Jun 10 – 15,4.89,28,105
95,Home in Kassiopi,Villa Calypso  Kassiopi - 'Prestige Villas Corfu',5 beds,Jun 9 – 14,4.89,28,105
96,Condo in Kerkira,Old Town Hideaway,3 beds,Jun 9 – 14,4.87,38,97
97,Villa in Corfu,Luxury Villa Helanes,5 beds,Jun 13 – 18,5.0,4,794
98,Bungalow in Palaiokastritsa,Akron bungalow 50m footpath to the beach,3 beds,Jun 1 – 6,4.98,42,200
99,Villa in Corfu,MaisonRose  the French Villa of Corfu (new!),7 beds,Jun 19 – 24,5.0,10,"1,128"
100,Villa in Gazatika,Corfu Villa Solitude,6 beds,Jun 1 – 6,5.0,31,438
101,Cottage in Corfu,Charming little house in North-East Corfu,1 king bed,Jun 8 – 13,5.0,36,133
102,Apartment in Kerkira,Casa Blanca,1 double bed,Jun 5 – 10,4.99,93,104
103,Bungalow in Σιδάρι,Casa Giardino  Sidari Beach,8 beds,Jun 4 – 9,4.92,91,130
104,Home in Corfu,Lux Seafront Villa-Heated Pool-Direct beach access,4 double beds,Jun 3 – 10,5.0,12,705
105,Condo in Corfu,villa fourtuna apartment,4 single beds,Jun 1 – 6,4.63,49,71
106,Villa in Kalami,Villa Rastoni |Sunny family Villa top Views Kalami,7 beds,Jun 3 – 10,5.0,17,505
107,Apartment in Corfu,Angelina Studio,1 double bed,Jun 13 – 18,4.53,43,49
108,Apartment in Kerkira,Davina The City Central Suite,1 bed,Jun 1 – 6,New,0,152
109,Cottage in Άγιος Ματθαίος,Beachfront unique view  privacy  family & friends,4 beds,Jun 8 – 15,4.94,34,274
110,Villa in Corfu,Villa Chrysoula,6 beds,Jun 1 – 6,4.93,71,282
111,Cottage in Kassiopi,Villa Varvara: Beach House with stunning views,3 beds,Jun 1 – 6,4.89,18,203
112,Home in Arillas Magouladon,Panorama Villas in Arillas  Corfu,5 beds,Jun 24 – Jul 1,4.89,19,359
113,Villa in Nissaki,Nissaki Suite Artemis Apartment,1 double bed,Jun 24 – 29,4.58,24,98
114,Villa in Agios Ioannis,Villa Theodora,5 beds,Jun 11 – 16,4.96,24,212
115,Villa in Melitsa,Villa Cocoon Sidari with private pool,5 beds,Jun 1 – 6,5.0,11,248
116,Home in GR,Picturesque Seaside Corfu House!,4 beds,Jun 1 – 6,4.96,75,207
117,Villa in Kontogialos,Ocean View Luxury Villa Ethra,4 beds,Jun 10 – 17,4.79,14,618
118,Home in Petriti,Ioanna's Fontana,3 beds,Jun 22 – 27,5.0,25,163
119,Villa in Corfu,Villa Agni,2 queen beds,Jun 11 – 16,4.79,42,255
120,Villa in Chalikounas,Land of Sirius,2 queen beds,Jun 10 – 16,5.0,19,271
121,Villa in Corfu,Villa Vardia-Amazing Seaviews with heated pool,4 beds,Jun 30 – Jul 7,5.0,14,575
122,Villa in Kassiopi,Villa Oneiro: Stunning views  private pool  A/C,7 beds,Jun 9 – 14,4.8,15,293
123,Villa in Nisaki,Luxury My Villa Corfu by GHH,8 double beds,Jun 5 – 10,4.9,10,"1,480"
124,Home in Pagoi,Kumquart Estate - up to 20 guests  private pool,14 beds,Jun 17 – 22,5.0,13,"1,072"
125,Condo in Κέρκυρα,Avgi's Apartment Campielo,3 beds,Jun 14 – 19,4.97,134,106
126,Villa in Dassia,Villa St. Nicholas House With Private Pool.,13 beds,Jun 4 – 11,4.63,27,764
127,Home in Kerkira,Morosa Home,3 beds,Jun 4 – 9,5.0,14,234
128,Home in Kerkira,"House ""Irini"" in Corfu town",7 beds,Jun 1 – 6,4.63,38,254
129,Condo in Corfu Town,The Fan Studio in 17th-Century Old Corfu Town Building,1 queen bed,Jun 24 – 29,5.0,116,130
130,Villa in Karniaris,Beachfront Villa Seasun - Beachfront Villa Seasun,11 beds,Jun 25 – 30,4.88,8,"1,003"
131,Apartment in Gouvia,Studio Yellow  Gouvia Corfu Greece Κέρκυρα 235076,1 queen bed,Jun 1 – 6,4.92,112,57
132,Villa in Nissaki,Villa Hera: Large Private pool   Sea Views Wi Fi,6 beds,Jun 23 – 30,5.0,18,413
133,Apartment in Corfu,DePaolis Corfu Town Apartment,1 double bed,Jun 1 – 6,4.34,289,59
134,Apartment in Kerkira,Luxury Seaview Suite Mouragia,2 double beds,Jun 1 – 6,4.94,51,213
135,Treehouse in Άνω Κορακιάνα,The Tree house in Ano Korakiana,1 bed,Jun 1 – 6,4.93,122,118
136,Villa in Corfu,LA VISTA E BELLA ESTATE (NEAR ACHILLEION PALACE),9 beds,Jun 1 – 6,5.0,15,"1,175"
137,Villa in Nisákion,Korypho Villa Nissaki,8 beds,Jun 3 – 10,5.0,6,"1,706"
138,Villa in Mparmpati,Luxury Villa Akti Barbati 3 with private pool,2 beds,Jun 7 – 12,4.84,19,224
139,Apartment in Άγιος Γεώργιος Πάγων,Seaside studio,2 beds,Jun 1 – 6,4.83,53,42
140,Villa in Nisaki,Old Stone House,3 beds,Jun 18 – 23,New,0,222
141,Cottage in Nissaki,Natasha: Superb views  private pool and gardens,5 beds,Jun 8 – 13,5.0,5,294
142,Apartment in Kerkira,Lilliput Studio Corfu Old Town,1 double bed,Jun 1 – 6,4.9,115,90
143,Villa in Kalami,Colorful and sunny! in the best part of Corfu,4 beds,Jun 3 – 10,4.89,19,325
144,Villa in Dassia,Petrinos Cottage  Private Pool  300m to the beach.,1 double bed,Jun 30 – Jul 5,4.9,21,294
145,Cottage in Paleokastritsa,Pergola Cottages,3 beds,Jun 1 – 6,4.83,75,112
146,Condo in Kerkira,The Heritage Penthouse!  Old City Centre,5 beds,Jun 3 – 8,4.91,11,517
147,Home in Agios Gordios,Villa Renata with private Plunge Pool,3 beds,Jun 12 – 19,5.0,9,348
148,Villa in Nisaki,Nissaki Sunlight NEW Home-2min from Beach+Pool,4 beds,Jun 9 – 14,4.88,25,179
149,Home in Corfu,The Beach House (Cosmos beach),4 beds,Jun 10 – 17,5.0,21,318
150,Apartment in Kerkira,Old Town Luxury Suites 'Contessa',3 beds,Jun 10 – 15,4.89,92,212
151,Villa in Corfu,Xenonerantzia Country style Villa,4 beds,Jun 1 – 6,5.0,24,470
152,Apartment in Corfu,Art House in Corfu old Town with sea view,1 double bed,Jun 4 – 9,5.0,92,118
153,Villa in Corfu,Villa Imerolia Beach,4 beds,Jun 30 – Jul 5,4.89,18,758
154,Villa in Corfu,Villa Jeanne -Dassia- Swimming pool -Sea view,5 beds,Jun 1 – 8,4.97,34,610
155,Home in Kerkira,Spacious Maisonette★Roof Top View 80m Corfu Port,4 beds,Jun 3 – 8,4.94,34,122
156,Home in Chalikounas,Villa with private beach access and Jacuzzi,8 beds,Jun 6 – 13,4.92,13,327
157,Villa in Paramonas,Sea View Villa Paramonas,10 beds,Jun 12 – 17,4.67,3,647
158,Home in Kerkira,Kefalomantouko Garden House,5 beds,Jun 1 – 6,5.0,35,172
159,Apartment in Kerkira,Colorful & cozy  New Fortress apartment @ Old town,2 beds,Jun 1 – 6,4.98,55,70
160,Apartment in Kerkira,Corfu Old Town’s Cutiest place,1 queen bed,Jun 1 – 6,4.6,35,71
161,Villa in Corfu,Villa Iliana,4 beds,Jun 1 – 6,5.0,6,412
162,Home in Kerkira,Best View Apartment Saint Spyridon,4 beds,Jun 1 – 6,4.9,41,172
163,Home in Pentati,EFFIE'S FULL HOUSE with fantastic view.,3 beds,Jun 1 – 6,4.95,44,105
164,Apartment in κερκυρα,old town studio,2 beds,Jun 10 – 15,4.9,175,71
165,Villa in Spartilas,"Pelagos Luxury Suites  ""Ammos""  Ano Pyrgi  Corfù",2 beds,Jun 1 – 6,5.0,12,433
166,Home in Palaiokastritsa,Barbara's House,5 beds,Jun 1 – 6,4.98,42,300
167,Home in Lefkimmi,Beach Home Cloths,4 beds,Jun 11 – 16,5.0,27,195
168,Villa in Agnitsini,Scirocco Villa in Agnitsini  Corfu,4 beds,Jun 18 – 25,4.85,13,330
169,Villa in Sidari,Villa Evaggelia Sidari,13 beds,Jun 2 – 8,5.0,4,473
170,Villa in Vigglatouri,Villa Lithari-sea & mountainside views by the pool,5 beds,Jun 26 – Jul 2,4.91,22,371
171,Apartment in Νησάκι,Zeus 2 PRIVATE pool apartment close to the see,3 beds,Jun 2 – 9,4.93,56,154
172,Villa in Kerkira,WOOL CAMEL,6 beds,Jun 4 – 9,5.0,3,846
173,Cottage in Nisaki,Villa Theodora: Amazing views  lovely pool  A/C,6 beds,Jun 9 – 14,4.69,17,297
174,Villa in Corfu,Brand New Villa Loki with Large infinity pool WiFi and Sea Views,3 beds,Jun 1 – 6,5.0,4,307
175,Earthen home in Corfu Island,VILLA REN,10 beds,Jun 6 – 11,5.0,8,"1,293"
176,Villa in Kontokali,Villa Jewel - Villa Jewel,7 beds,Jun 8 – 13,4.59,22,465
177,Apartment in Kerkira,Rena's Cosy Apartment,2 beds,Jun 7 – 12,4.83,102,97
178,Apartment in Kalami,Agapi Studio,1 double bed,Jun 1 – 6,New,0,49
179,Home in Kerkira,Vista del Mar,3 beds,Jun 1 – 6,4.93,40,153
180,Home in Kassiopi,Villa Lofos - Kassiopi Corfu,6 beds,Jun 7 – 12,4.83,18,294
181,Villa in Apraos,Villa Thespina: Large Private Pool  Walk to Beach  Sea Views  A/C  WiFi,12 beds,Jun 4 – 9,4.83,18,294
182,Home in Corfu,Scenery  space choice & authentic Corfu,4 beds,Jun 1 – 6,4.74,36,281
183,Earthen home in Corfu,Villa Melina,3 beds,Jun 15 – 20,4.93,30,353
184,Home in Kerkira,Casa Rossa Corfú,3 beds,Jun 30 – Jul 5,4.81,47,44
185,Villa in Mpenitses,Ionian Garden Villas: Villa Olea,8 beds,Jun 3 – 10,5.0,36,731
186,Home in Acharavi,'Eleni Luxury Villa' by WhiteDream Villas,13 beds,Jun 1 – 8,5.0,24,840
187,Villa in Corfu,EDEN VILLA CORFU  The best view on Corfu Greece,3 beds,Jun 18 – 25,5.0,13,823
188,Villa in Corfu,Villa Melissonia,5 beds,Jun 11 – 16,5.0,6,621
189,Apartment in Glifada,Waves Apartments Melody,2 beds,Jun 7 – 12,5.0,18,277
190,Private room in Kerkira,serene room,1 single bed,Jun 1 – 6,4.6,20,33
191,Townhouse in Kerkira,Durrells str stunning Home & Garden ✤ New Fortress,3 beds,Jun 3 – 10,4.85,72,214
192,Villa in Kato Korakiana,Villa Kristefi  large private pool  spacious grounds  sleeps 8  WiFi  BBQ,5 beds,Jun 3 – 8,4.92,12,243
193,Villa in Pelekitó,Villa Arete - Villa Arete,7 beds,Jun 11 – 16,4.78,9,506
194,Apartment in Corfu,Apartment in Historical Mansion Liston Corfu Town,3 beds,Jun 21 – 26,5.0,41,247
195,Home in Mesoggi,Evita's ikia seaside luxury house,4 beds,Jun 8 – 13,5.0,49,198
196,Villa in Karousádes,Sidari Beach Villa - Sidari Beach Villa,18 beds,Jun 1 – 6,5.0,3,672
197,Apartment in Kerkira,Dear Prudence,1 king bed,Jun 1 – 6,5.0,26,125
198,Condo in Agios Ioannis Peristeron,Villa Fourtuna Cute,2 beds,Jun 1 – 6,4.78,56,59
199,Condo in Kerkira,Corfu town tranquility gem,4 beds,Jun 13 – 18,4.96,26,322
200,Cottage in Corfu,Levanda Villa in Kassiopi (sea at 100 meters).,6 beds,Jun 1 – 7,4.91,24,635
201,Condo in Kerkira,Casa di Bousoulis (near airport & Corfu center),3 beds,Jun 1 – 6,4.88,26,141
202,Villa in Mparmpati,Villa Annie,6 beds,Jun 9 – 14,5.0,12,"1,058"
203,Villa in Limni,Five Stars Villa Corfu 2 swimming pools and tennis,8 beds,Jun 1 – 6,4.71,7,"1,262"
204,Apartment in Corfu,Bonagrazia,4 beds,Jun 9 – 14,4.84,104,212
205,Earthen home in Kira Chrisikou,Casa T with amazing views,11 beds,Jun 19 – 24,4.76,61,564
206,Home in Lefkimmi,The pretty house next to the beach (Aleca's House),3 beds,Jun 1 – 6,4.95,38,163
207,Apartment in Benitses  Corfu,Pantazis studio No 5,2 beds,Jun 1 – 6,4.87,31,46
208,Villa in Mesongi,Villa Valentine - Beautiful Greek beach house,5 beds,Jun 1 – 6,4.87,31,46
209,Villa in Kerkira,Corfu Sea View Villa Alya,5 beds,Jun 1 – 6,4.86,21,302
210,Villa in Kerkira,Nel Verde and Skripero,7 beds,Jun 12 – 17,5.0,30,447
211,Villa in Corfu,Spacious Green Pool Villa Close to Cental Resort,7 beds,Jun 13 – 18,4.98,43,730
212,Villa in Nisaki,Villa Katerina: Large Private Pool  Walk to Beach  Sea Views  A/C  WiFi,8 beds,Jun 1 – 6,5.0,7,467
213,Condo in Kerkira,Little Bright Studio · Corfu Old Town,2 beds,Jun 1 – 6,4.96,48,118
214,Apartment in Corfu,A small apartment in the center of the old town,1 double bed,Jun 1 – 6,5.0,4,81
215,Villa in Poulades,Villa Verde  over the hill  sea view  private pool,7 beds,Jun 1 – 8,5.0,28,356
216,Villa in Nisaki,Villa Georgios: Large Private Pool  Sea Views  A/C  WiFi,8 beds,Jun 19 – 24,4.43,7,556
217,Villa in Paramonas,Villa Cosambeli,8 beds,Jun 19 – 25,4.83,23,720
218,Apartment in Kerkira,Old Town Apt. in Saint-Spyridon str.,2 beds,Jun 1 – 6,4.82,148,84
219,Private room in Palaiokastritsa,Studio #2 - 3m away from the beach!,2 beds,Jun 2 – 8,4.88,41,65
220,Home in Corfu,Charming beachfront villa - Entire house,12 single beds,Jun 1 – 8,4.92,37,783
221,Condo in Kerkira,"""Kampielo Homes"" next to Spianada Square",1 double bed,Jun 11 – 16,4.63,16,59
222,Apartment in Gouvia,Doctor`s House in the Nature,3 beds,Jun 1 – 6,5.0,32,71
223,Apartment in Acharavi,Sea & Sun Beach apartments - Upper floor 'Sun',4 beds,Jun 1 – 6,4.86,14,187
224,Cottage in Saint Gordios beach,Cozy Studio Αrtemisia house 100m from the beach,1 bed,Jun 1 – 7,4.82,11,108
225,Apartment in Astrakeri,Sklavenitis Panoramic Seaview Beach apartment.,3 beds,Jun 1 – 6,4.87,55,91
226,Home in Pentati,EUTIXIAS FULL HOUSE (with amazing garden),4 beds,Jun 7 – 12,4.94,54,114
227,Apartment in Kerkira,Breathtaking panoramic sea view.,5 beds,Jun 1 – 6,4.87,122,167
228,Home in Kerkira,Beautiful Cottage in the Pinewoods of Kompitsi,2 double beds,Jun 1 – 6,5.0,33,126
229,Condo in Kerkira,Classy Architect's renovated studio old town Corfu,1 double bed,Jun 1 – 6,4.79,66,107
230,Apartment in Almyros  Acharavi,Maria Beach Studio,1 double bed,Jun 27 – Jul 2,4.69,42,59
231,Apartment in Nissaki,The Beach House Kaminaki,2 beds,Jun 1 – 7,5.0,21,262
232,Villa in Corfu,Villa Eleanna: Large Heated Private Pool  Sea Views  A/C  WiFi  Eco-Friendly,8 beds,Jun 18 – 23,5.0,21,262
233,Home in Kalami,Charming Villa in Paradise | inf pool & top views,3 beds,Jun 2 – 9,4.82,11,300
234,Apartment in GR,Vecchia Carpenteria@Kampielo #Corfu_Old_City,1 bed,Jun 1 – 6,4.26,27,42
235,Cottage in Nisaki,Villa Andonis Nisaki 500metres from Nisaki Beach,9 beds,Jun 4 – 9,5.0,13,470
236,Apartment in Kerkira,Daisy House,1 double bed,Jun 19 – 25,4.88,117,71
237,Home in Agia Triada,Iliopetra Houses,6 beds,Jun 4 – 9,5.0,18,517
238,Villa in Ipsos,Villa Danili - Prestige Villas of Corfu,5 beds,Jun 4 – 9,5.0,18,517
239,Cottage in Kerkira,Little House  Corfu,2 single beds,Jun 21 – 26,5.0,13,70
240,Villa in Kalami,Villa Eleni Kalami with private pool,5 beds,Jun 12 – 17,5.0,13,70
241,Private room in Afionas  Kerkyra,Zeus Throne Junior Suite,1 bed,Jun 1 – 6,4.97,32,341
242,Apartment in Kerkira,Bonora studio,1 double bed,Jun 1 – 6,4.96,136,94
243,Private room in Palaiokastrites,Studio #1 - 3m away from the beach!,2 beds,Jun 4 – 10,4.92,76,65
244,Condo in Spartilas,A Little Place in Heaven,2 beds,Jun 5 – 10,4.89,27,127
245,Condo in Kerkira,Menecrates Corfu Town apartment,3 beds,Jun 1 – 6,4.69,32,66
246,Villa in Acharavi,Luxury Villa Piedra with private heated pool & jacuzzi,4 beds,Jun 1 – 6,4.88,8,358
247,Apartment in Nissaki,Nissaki Suite Kalypso,3 beds,Jun 7 – 12,4.58,43,96
248,Apartment in Agnos,My lovely country home  Corfu,2 single beds,Jun 1 – 6,4.85,53,64
249,Apartment in Glifada,Ionian Senses - Corfu  Glyfada beach Apt. 119,2 beds,Jun 1 – 6,4.92,39,130
250,Villa in Corfu,Villa BLUELINE,4 beds,Jun 8 – 13,5.0,5,"1,763"
251,Villa in Mpenitses,Villa Litsa: Large Private Pool  Walk to Beach  Sea Views  A/C  WiFi,5 beds,Jun 1 – 6,4.83,6,361
252,Apartment in Corfu,KAYO | Livas Apartment,1 bed,Jun 1 – 6,4.99,78,99
253,Condo in Kerkira,Beautiful new apartment in the old town,1 bed,Jun 4 – 9,4.83,24,106
254,Villa in Potamos,villa hermes,6 beds,Jun 1 – 6,5.0,13,331
255,Apartment in Corfu,Downtown Apt. at Filellinon!,1 double bed,Jun 1 – 6,4.65,99,92
256,Home in Pentati,Villa Scarlett . Pentati  Old Village.,1 king bed,Jun 1 – 6,4.94,52,89
257,Home in Kerkira,Sole di Corfu,4 beds,Jun 1 – 6,5.0,23,212
258,Villa in Kerkira,Avlaki House  beachfront stylish villa in Kassiopi,10 beds,Jun 10 – 17,5.0,5,752
259,Villa in Gefira,Luxury Villa Artemisia with private pool,5 beds,Jun 2 – 8,5.0,5,374
260,Cottage in Pentati,"""Mantzaros Country House""",4 beds,Jun 1 – 6,5.0,41,112
261,Villa in Kerkira,Villa Santalas,6 beds,Jun 3 – 10,5.0,17,353
262,Apartment in Kontokali,Alexandros & Gerekos apartments,3 beds,Jun 3 – 8,4.75,21,91
263,Condo in Kerkira,Central Venetian apartment with great view,1 double bed,Jun 1 – 6,4.89,71,78
264,Apartment in Kerkira,La Bohème,1 queen bed,Jun 1 – 6,4.93,59,125
265,Home in Corfu,Veranda Kommeno,1 double bed,Jun 1 – 6,4.89,55,112
266,Condo in Kerkira,Old Port Breeze,1 bed,Jun 1 – 6,4.96,24,99
267,Home in Kerkira,Studio B,2 queen beds,Jun 10 – 15,5.0,9,123
268,Private room in Corfu,La Estrella. Beach  shops  Gouvia Marina walking,1 queen bed,Jun 1 – 6,4.85,65,30
269,Villa in Mpenitses,Monastery Retreat and Seaview,3 beds,Jun 1 – 6,4.94,37,112
270,Villa in Corfu,City Villa with a Pool. Trendy area,6 beds,Jun 1 – 6,4.75,4,527
271,Villa in Alepou,Lovely mansion with pool  close to Corfu town.,7 beds,Jun 1 – 6,4.96,27,610
272,Condo in Kerkira,The In Town Apartment - With a Private Terrace,1 bed,Jun 1 – 6,5.0,4,159
273,Villa in Mparmpati,Luxury Villa Barbati Sun with private pool,4 beds,Jun 15 – 20,5.0,8,413
274,Villa in Kalami,"""Villa Elissavet"" - Kalami Bay - Family Pool House",4 beds,Jun 1 – 8,5.0,8,413
275,Villa in Sinarades,Corfu  Sinarades Villa,2 beds,Jun 7 – 12,4.78,36,187
276,Apartment in Corfu,Direct access to the beach & Jacuzzi,6 beds,Jun 6 – 13,4.43,42,176
277,Condo in Kerkira,The Dreamy Loft Corfu,6 beds,Jun 8 – 13,5.0,14,215
278,Home in Corfu,Villa Chloe with Private Pool,7 beds,Jun 3 – 10,4.81,21,310
279,Apartment in Corfu,Senses Suite Tessera: Luxury  renovated Apartment,1 double bed,Jun 10 – 15,4.87,15,105
280,Private room in Mpenitses,Lord Ape Suites Club 3,1 bed,Jun 1 – 6,New,0,89
281,Condo in GR,Self catering studios with beautiful sea view.,2 single beds,Jun 1 – 8,5.0,23,50
282,Villa in Kerkira,Villa Felicia,4 beds,Jun 1 – 6,4.92,12,340
283,Home in Agios Ioannis Parelia  Corfu,Karlaki House,4 beds,Jun 1 – 8,5.0,17,529
284,Villa in Corfu,Jasmin Villa Nissaki  Corfu,3 beds,Jun 3 – 10,5.0,8,230
285,Guest suite in Mparmpati,Locanda Guesthouse 1,1 queen bed,Jun 1 – 6,5.0,22,118
286,Apartment in Nisaki  Kaminaki,Anda Studio: Cozzy little apartment in Kaminaki,1 double bed,Jun 7 – 12,4.43,49,73
287,Villa in Kontokali,Villa Durrell: Large Private Pool  Walk to Beach  A/C  WiFi,6 beds,Jun 11 – 16,4.75,4,604
288,Apartment in Kerkira,<Kampielo Homes> - 19th century three level place,2 double beds,Jun 1 – 6,4.33,21,79
289,Condo in Kerkira,Zia Maria's House next to Corfu port,1 queen bed,Jun 1 – 6,4.86,21,74
290,Apartment in Kassiopi,Corfu island KASSIOPI’S best sea view apartment,3 beds,Jun 24 – 29,5.0,23,166
291,Apartment in Kira Chrisikou,Mellmari apartment,3 beds,Jun 1 – 6,4.92,37,123
292,Villa in Kerkira,"My Mediterranean Villa in Corfu ""Villa Artemis""",7 beds,Jun 5 – 10,4.92,37,123
293,Villa in Kalami,Kalami Beach - Villa Anastasia,3 beds,Jun 26 – Jul 1,4.75,4,507
294,Apartment in Kerkira,watching the sea .,2 beds,Jun 1 – 6,4.95,58,114
295,Private room in Palaiokastritsa,Fotini Studios,2 beds,Jun 1 – 6,4.81,33,78
296,Villa in Kato Korakiana,Luxury Wooden Villa with Pool  The Nest,6 beds,Jun 1 – 6,4.93,41,558
297,Apartment in Kerkira,Swanky apartment in Corfu,3 beds,Jun 1 – 6,4.93,73,118
298,Apartment in GR,"""Eureka!"" Memorable Old Town Apt.",2 beds,Jun 1 – 6,4.96,74,85
299,Cottage in Ano Korakiana,White Jasmine Cottage,3 beds,Jun 1 – 6,4.93,29,215
300,Villa in Liapades,Villa Greece,4 single beds,Jun 15 – 20,5.0,8,353
301,Villa in Kerkira,Pelagos Villas  Luxury Suites  Ano Pyrgi  Corfù,2 double beds,Jun 1 – 6,4.98,44,353
302,Villa in Kentroma,Villa Casa del' mare Agni bay NEcoast Corfu (6+1).,5 beds,Jun 17 – 24,5.0,11,734
303,Hotel room in Mpenitses,Anasa Corfu - Superior Room with Sea View,1 double bed,Jun 1 – 6,4.62,37,83
304,Villa in Kato Korakiana,Ionian Sea View Villa with magnificent view,6 beds,Jun 6 – 11,5.0,7,651
305,Tiny home in Corfu,Villa Anthoussa - Kalivilla private house,3 beds,Jun 1 – 6,4.94,17,177
