Panorama Sidari,9.0,nice views  clean  great staff,,Gabriella,United Kingdom,July 2022
Panorama Sidari,8.0,Tasty meals  kind service  attractive price in all-inclusive option  no extra fee for air condition  free transport from main building to rooms  lifeguard  well organized entertainment in the evenings  rooms at the top of the hill offer sea view  in a walking distance shops  pubs  sea  beach and Canal d'Amour,Ascetic and old-fashioned room design  a few types of insects in the room (mostly not dangerous  except from mosquitos)  hotel located on a hill - either you wait for free transport or climb the road yourself  Ouzo wasn't the highest quality  safe with numeric keyboard instead of a huge key would be welcomed,Piotr,Poland,October 2022
Panorama Sidari,9.0,Everything was great (except one thing)  had an awsome time.,The bed. Its the one thing that was questionable. Its very squeaky and uncomfortable after a long sleep.,Sinka,Hungary,September 2022
Panorama Sidari,10,We almost don‚Äôt want to give a great review as we want to keep this gem of a hotel to ourselves.  The staff work tirelessly to look after every guest and are happy and welcoming and very helpful. As we arrived at around 2am  we were provided with a light snack ready and waiting for us in our fridge in our room which I felt was a really thoughtful touch. Everywhere was spotless and the grounds were excellently maintained.  The food was of a very high quality with plenty of variety every day. Dining room staff were attentive and prompt at removing used plates etc from the table.  Rooms are set out in apartment blocks on the hill side. The walk up is quite steep (ours was the very top) but the hotel provide rides up to the top on a golf cart which runs approx every 5 minutes and is a real leg saver!  our room was cleaned very thoroughly every day (except Sunday) by a lovely lady called Efi. Beds were changed every other day  but new towels daily.,I struggle to think of anything. Perhaps maybe I‚Äôd have been tempted into the beautiful pool if it had been heated. However  as we chose to visit in early October  it‚Äôs not a surprise that it was cold and I‚Äôm sure during the height of the summer it‚Äôs very warm.,Michelle,United Kingdom,October 2022
Panorama Sidari,7.0,Size of the room is very nice  our room was huge with two levels . Bathroom nice and clean  Beautiful view on the sea and mountains Close to the beach restaurants shops and canal d‚Äôamour delicious food  The best Animation Team ever thanks to them you can‚Äôt be bored lots of fun plays and amazing Fire Show by Martin  Pelo and Nedko ! Room service is perfect  Staff helpful and very friendly  .,room was Cold at night   AC is a bit noisy and it takes ages to get a nice temperature.  No drinking water in the fridge and no tea or coffee  No roof on the balcony /when it‚Äôs raining all water stay on the balcony and it‚Äôs not possible to open balcony doors because water come inside .  Beds could be more comfortable  food was delicious people was very happy with food but cold be some more options for vegans,Patrycjusz,United Kingdom,September 2022
Panorama Sidari,9.0,The food was awesome! The staff was very helpful with a big smile on their faces every day! The pool was very clean and the bar a 10+,Unfortunately the rooms are old style and they need a full refresh to be up to date! (furniture  bathroom accessories  etc).,Sorin,Romania,September 2022
Panorama Sidari,10,Location is great for view above sea! Hotel providing inside transport. The food is amazingly tasty! The stuff is very social!,Too noisy in the evening.,Yavor,Bulgaria,September 2022
Panorama Sidari,10,It was really great holiday here. The location of the hotel is perfect because it is not far from the beach and the main street. The staff at the hotel is very kind and friendly. The food was amazing  many types of food  we never had a problem choosing and it tasted great. At the pool bar  they offer a variety of drinks throughout the day. They always served us right away. We are very happy that we chose this hotel for our vacation. We recommend it to everyone and will definitely come back.,,Miriam,Slovakia,September 2022
Panorama Sidari,9.0,View and terrace  food  spacious room  Internet  stuff and overall organization,a bit outdated furniture and equipment and quality of bed mattress,Kosta,Serbia,September 2022
Panorama Sidari,10,Entertainment team.,,Daniela,Bulgaria,September 2022
Panorama Sidari,8.0,The food was excellent. Many varieties  for everyone's taste. Simply brilliant! All inclusive is really well improved! At the pool bar you can serve several drinks and snacks. Thumbs up for the woman with the pancakes and the others collegues. I really appreciated the service with beach towels. You can take everyday clean towels with 10 euro and after you return it you have your money back (literally  they are free).  I also sugest that a laundry service would be very helpfull.,The size of our room was good but it could be better  it is a little bit old. The bathroom also with aspects of oldness. Also  the buildings with rooms are placed upwards  in the back of hotel and you have to walk on yourself sometimes.,Marian,Romania,August 2022
Panorama Sidari,9.0,The place was amazing  for a three star rated hotel is excellent,We had a bit of hiccup first day but it was solved quickly,Szidonia,United Kingdom,August 2022
Panorama Sidari,8.0,The food quality was excellent.  Big size room and nice view.,The quality of the bed was awful.  Low comfort. They should replace the matrece.  Bad smell in the room .,Florin,Romania,August 2022
Panorama Sidari,9.0,The employees were extremely polite and nice  and made us feel welcome. The all inclusive had great value/price  very tasty dishes throughout the day. The pool area was cool and the hotel was quite close to the Sidari beach and the center.,The beds could be more comfortable.,Zs√≥fia,Hungary,August 2022
Panorama Sidari,8.0,Staff were so friendly  all of them. Great view from balcony. Large pool and very clean. Good range of food options at every meal. The buggy system was great as some of our family had/have mobility issues. Main resort a short walk away  as was the beach.,The entertainment staff tried hard but some of the evening shows were pretty poor (though some (fire show  magic show) were excellent so a mixed bag. Beer seemed very weak  you could tell the difference when you had a beer down in the resort.,Rob,United Kingdom,August 2022
Panorama Sidari,8.0,amazing staff. excellent food. very big pool,our room needed refurbishment some had been done the the pool was not cleaned properly any white or light costumes/shorts went yellow. a bit of a trek to the resort. the bathroom flooded at every use,Sue,United Kingdom,August 2022
Panorama Sidari,9.0,The staff was excellent  the food was amazing  the pool was very nice with many sunbeds. We had a small issue with the toilet from the bathroom but the receptionist changed our room by giving us one much better.,I cannot say that was something that I didn't like  but I think that needs to be improved the furniture in the room  specially the beds.,Simona,Romania,August 2022
Panorama Sidari,7.0,The food  Staff & entertainment were good.,We got a room right at the top of the hill which had damp up the walls. They also advertise all rooms as sea view. we got 90% overgrown hedges & 10% sea view. after complaining about the damp & my bad chest the second time they moved us room though. again at the top of the hill  The room was nice & had a comfy bed. But again I don‚Äôt know how they can advertise the rooms at the top as sea view. Our friends had a room in the next block down though with a lovely view.,Jamie,United Kingdom,August 2022
Panorama Sidari,8.0,personnel was very friendly  food was quite good  excellent location,bed was awful,Erika,Estonia,August 2022
Panorama Sidari,10,The food was superb. There was so much choice! Even the pool snacks were lovely as part of the all inclusive.,There could have been more sun beds.,Suzanne,United Kingdom,July 2022
Panorama Sidari,9.0,- Great variety of food  very delicious. - Fantastic location with a great view.  - Room is big and spacious.  - Nice pool.  - The animation team is super lovely and fun!,- Room and bathroom facilities are outdated.  - Bed is uncomfortable.,Nevena,Norway,August 2022
Panorama Sidari,10,They exceeded my expectations. The food was excellent  the staff very friendly  the animation and the proximity to the city and the beach. I recommend.,,Aleksandra,Slovenia,August 2022
Panorama Sidari,7.0,The location was nice 5minutes walking time from the Beach. The food was good quality everyday nice cakes and tasty dinner we had. The driver Nicolas was super.,The bed was not so comfortable and the terrace we needed to share with foreign people.,Merci,Switzerland,July 2022
Panorama Sidari,9.0,FOOD WAS EXCELLENT FOR AN A/L  STAFF VERY FRIEND AND ANIMATION TEAM DID AN AMAZING JOB KEEPING PEOPLE ENTERTAINED.,"ROOMS VERY BASIC AND BEDS NEED NEW MATRESSES / ALTHOUGH YOU CAN REQUEST A TOPPER . DRINK ARE LOCAL BRAND AND TASTE ""MEH""",Adrian,United Kingdom,July 2022
Panorama Sidari,10,Restourant Is full of all kinds of food  staff at the hotel Is very kind and they are ready to help you out with anything.  Sea view from our balcony is amasing.,Old furniture in the room uncomfortable bads.,Ninoslav,Serbia,July 2022
Panorama Sidari,9.0,This review has been hidden because it doesn't meet our guidelines.,,Danail,Bulgaria,July 2022
Panorama Sidari,9.0,Restaurant  location,Drinks at the pool bar,Bartosz,Poland,July 2022
Panorama Sidari,9.0,The hotel is really big with a lot of blocks on the territory  our block was up on the hill  but we didn‚Äôt have to worry much  because there is a golf driver ready to give you a ride.  The staff is great  very nice people  when we had questions or issues  the staff was very quick to help. Animators was the most cheerful and energetic people ever!  Talking about the food  Mama Mia  I miss it already  every day the restaurant offers you different meals and each day is special cuisine day! I enjoyed Greek and Mexican cuisine days the most.  The view from our room was incredible  even better than the photos we saw on Booking and I am also adding photos to this.,Would be nice if there was ¬´do not disturb board¬ª because if you are in your room when the cleaning lady comes  she opens the door herself. Also  one time we didn‚Äôt have any room service for 3 days and after that nobody changed the towels for us :(,Iryna,Latvia,July 2022
Panorama Sidari,8.0,Nice people  animation team excellent food,Old furniture  our room was not renovated,Hana,Czech Republic,July 2022
Panorama Sidari,9.0,Very happy with hotel. Very clean  staff very friendly .,None,Jiao,United Kingdom,July 2022
Panorama Sidari,8.0,lovely spacious rooms with excellent view from balcony,There‚Äôs quite a steep hill to climb as we were in block 12. There are buggy‚Äôs to take you up & down but sometimes you may have to wait a while on one,Fiona,United Kingdom,July 2022
Panorama Sidari,7.0,Location is good  beach is 5 min away. The view from the balcony is fantastic. The stuffs are nice and well trained. All inclusive meal are good. wifi speed is satisfying. Greek night show .,facilities are old. The shower water is not big enough.  There are ants and bugs in the room.,Heng,Germany,July 2022
Panorama Sidari,9.0,Food was great  Staff excellent Location very central,,Jakubaite,United Kingdom,July 2022
Panorama Sidari,10,hotel was really nice,really good place for adults and children,Paulina,Poland,June 2022
Panorama Sidari,7.0,The view from balcony was good  staff was pleasant.,Food was below average - small selection. Bed mattress was awful - I could feel all springs in it.,Paulius,Lithuania,June 2022
Panorama Sidari,10,Food was amazing as well the animation team and the waiters.,Our shower was not very nice  but this was the only thing we didn‚Äôt like.,Rudorferov√°,Czech Republic,June 2022
Panorama Sidari,9.0,Superb !!! Absoulutey brilliant place to stay. Rooms are very spacious  good food  all staff are friendly and always happy to help.,,Diana,Lithuania,June 2022
Panorama Sidari,8.0,The view  the food  the pool.,The bed's mattresses were rather hard (could feel the springs). New ones are a must for some rooms. (I think not all rooms have these old ones) The fact that we could not refill water bottles (maybe due to covid reasons) we could take cups of water in the room though so it was fine...,Michael,United Kingdom,June 2022
Panorama Sidari,10,Everything was great. The staff were amazing and very friendly. The room was spacious and had a great view. The food was excellent. We highly recommend this hotel.,The state of the room was slightly deteriorated,Abderrahmane,France,June 2022
Panorama Sidari,9.0,Wonderful weekend - the staff was very kind  food was good  many different foods and they all were nice. The room was simple  but clean.,The only complaint is that there was no hot water in the showers  but the weather was hot  so cold shower was good.,Liga,Latvia,June 2022
Panorama Sidari,8.0,food  staff great,all was great,Colette,United Kingdom,May 2022
Panorama Sidari,10,Staff were lovely and accommodating. Food was lovely and catered for everyone. Entertainment was good-I particularly enjoyed the Greek night :),The only minor thing I was say would be to have more vegetarian options for the hot part of the lunch/ dinner service,Sam,United Kingdom,October 2021
Panorama Sidari,8.0,Food was lovely  rooms a great size  staff very attentive & friendly  very good value for money and the location is good with just a 10 min walk to the beach. Onsite shop is very convenient  pool lovely & clean. The carts to take you up and down to your room were a real bonus.,Beds not very comfortable. Other than that it was faultless.,Charmaine,United Kingdom,October 2021
Panorama Sidari,10,THE STAFF ALL AMAZING ..... GREAT RECEPTION ... NIGHT SHOW AMAZING ....  FOOD WAS NOT BAD  THE BAR STAF THEY WAS BEST FRIENLY GREAT .. SHOP AND CLUBS CLOSE AND REALLY GOOD PRICE  I WILL BOOK AGAIN,,Ako,United Kingdom,September 2021
Panorama Sidari,7.0,- kind  helpful and hardworking staff - really tasty and delicious dishes (although breakfast are orientated to the english customers)  - program created by animators - guys who ride a golfcar,- ancient room and bathroom that needs urgently a reconstruction (we did not expect it for the 3 stars hotel)  - creaky bed with a broken leg - ancient furniture with ancient smell - not enough space in wardrobe - bedsheets were not changed after 2 days (like promised),Tom,Slovakia,September 2021
Panorama Sidari,7.0,The staff was nice. Nicolas and Eva provided amazing service. The food is avarage but enough. The place itself is at good location but climbing up every day to reach our room was annoying.,Our room was huge with no furniture. I really missed a mosquito net for the windows and a clothes rack. We bought it in the market to be able to hang our clothes outside. The balcony had a forest view what is annoying considering that all the other rooms had sea view. The room was dirty and old. They promised every day cleaning but didn't clean every day. The bed was wet every dry. I say for this price it was okay as we didn't spent too much time in the room. The bar at the pool offers horrible coctails. Better not include those in the all inclusive and offer a discount for better quality.,Nelli,Hungary,August 2021
Panorama Sidari,10,Food  Room,Size of the bed  little bit too small for 2 people,Giu8806,Italy,August 2021
Panorama Sidari,10,Amazing place   amazing staff  Excellent food,,Gabriel,Romania,August 2021
Panorama Sidari,8.0,Animation team always engaged with the guests for games and entertainment which was great. We went in August for 10nights and every single day was between 35 to 40 degrees but even in the scourging heat  the animation team still carried on with regular schedule under the blazing sun. Not every resort's Animation team puts in that extra effort so hats off to Ivats and his team. Bar staff were great and full of smiles always. Food & Beverage manager was exceptional!,Only negative thing I could say about Panorama Sidari is that the alcoholic spirits werent the best. But then its a 3 star hotel so you get what you pay for.,Obinna,United Kingdom,August 2021
Panorama Sidari,10,Staff food people weather,Nothing,Murphy,Ireland,August 2021
Panorama Sidari,7.0,Good location on the hill with great panorama view  close to the sea and city center. Nice clean pool  quite big variety of food & drinks  friendly staff,I would put more attention to bathroom  AC  some furnitures renovation as pretty aged.,Pawe≈Ç,Poland,August 2021
Panorama Sidari,8.0,Staff are exceptional  the place is spotless and cleaned regularly. It's a very safe atmosphere. Also the beach is less than a 10 minute stroll away. Lots of good restaurants in Sidari Town too.,The dinner was a little hit and miss. But there is a large selection to suit all needs,Ian,Ireland,August 2021
Panorama Sidari,8.0,Little bit far from beaches  but great ocean view and swimming pool. All inclusive service  great staff  all you need during vacation is there.,,Richarditho,Slovakia,August 2021
Panorama Sidari,5.0,The pool was long  deep and clean.,The mattress could be newer as well as all the other facilities in the room.  The pool was really good!  The food was edible.,Penio,Bulgaria,August 2021
Panorama Sidari,5.0,Good location close to the beach. Price was ok for what we got.,All drinks served in small flimsy plastic cups - finished them in two mouthfuls. Food not very good eg. All fruit was from can  inedible pastries  no yoghurt. Room was run down. Noisy air conditioning. Mattresses were hard  only given one small pillow each and one thin blanket. Concierge very snarky when booking covid tests and taxi for the next day - said there was only one clinic in Town and we had left it to the last minute but we found multiple other walk in clinics on our own. Sign on toilet saying not to flush toilet paper - well if you‚Äôre doing number 2 then what else are you going to do? Leave smelly toilet paper in the bin?,Maisie,United Kingdom,August 2021
Panorama Sidari,10,Food is unbelievably delicious!,Nothing,Anonymous,Ukraine,October 2022
Panorama Sidari,10,Great sea view  staff awesome (animator teams  EVA from reception  Nikolas the driver  restaurant staff  amazing people),,Anonymous,Romania,June 2022
Panorama Sidari,10,We liked everything. Staff is super nice  very friendly and always helpful ( special thank you to Eva and her colleague from reception for all tips ) Food was fresh and tasty with plenty of choices  We had wonderful time there,,Anonymous,United Kingdom,October 2021
Panorama Sidari,9.0,Our holiday was booked at Panorama Sidari but due to COVID 19 the facility was closed. The management however transferred our stay to Almyros Beach resort and spa in Acharavi for the same cost which was excellent. So this review is regarding Almyros Beach resort and spa!!,,Anonymous,United Kingdom,August 2020
Panorama Sidari,9.0,–õ—é–±–µ–∑–µ–Ω –ø–µ—Ä—Å–æ–Ω–∞–ª  –º–Ω–æ–≥–æ –≤–∫—É—Å–Ω–∞ —Ö—Ä–∞–Ω–∞.,,Krasimira,Bulgaria,September 2022
Panorama Sidari,8.0,—Ä–∞–∑–ø–æ–ª–æ–∂–µ–Ω–∏–µ—Ç–æ  —á–∏—Å—Ç–æ—Ç–∞ –ø–µ—Ä—Å–æ–Ω–∞–ª,,Petio,Bulgaria,September 2022
Panorama Sidari,10,Tutto molto bello peccato che non si parli italiano,,Silvana,Italy,September 2022
Panorama Sidari,10,Niesamowity widok z hotelu na morze i g√≥ry. Jedzenie codziennie inne i wszystko przepyszne. Jako  ≈ºe pokoje by≈Çy na wzniesieniu to mo≈ºna by≈Ço jechaƒá meleksem. My skorzystali≈õmy z tego tylko pierwszego dnia bo mieli≈õmy baga≈ºe  potem traktowali≈õmy wchodzenie pod g√≥rkƒô jako trening. Pokoje codziennie sprzƒÖtane  czuƒá by≈Ço ‚Äûdomestos‚Äù wiƒôc odka≈ºone :) klimatyzacja sprawna  bardzo dobrze ch≈Çodzi≈Ça. Obsluga hotelu u≈õmiechniƒôta i bardzo pomocna.,,O,Poland,September 2022
Panorama Sidari,10,Struttura a pochi passi dalla spiaggia di Sidari. Accogliente  pulita  ottimo cibo e staff sempre cordiale e gentile. Camere molto spaziose e piscina stupenda. Torneremo sicuramente,,Rita,Italy,September 2022
Panorama Sidari,8.0,La piscina y la vista en segundo piso del edificio 7.,,Gilda,Czech Republic,September 2022
Panorama Sidari,8.0,Personnels tr√®s sympathique. Grande piscine. Repas plut√¥t vari√©s.,,Nabet,France,September 2022
Panorama Sidari,10,in pratica tutto: la receptionist Eva √® stata di un accoglienza  disponibilit√† e simpatia  unica!! Il posto √® il una posizione comoda sia per le spiagge che per varie escursioni in macchina o motorino.  La camera era ordinata e comoda  una vista bellissima sul mare!,,Violetta,Italy,September 2022
Panorama Sidari,8.0,Cucina variegata  pulizie quotidiane con cambio asciugamani  navetta elettrica che ti accompagna nelle stanze. Lunch box (avevamo pensione completa) che ti permette di stare tutta la giornata fuori senza ulteriori spese.,,Katia,Italy,August 2022
Panorama Sidari,8.0,Amplasarea resortului  mancarea,,Sile,Romania,August 2022
Panorama Sidari,8.0,Buffet  piscina  bar  golfcar,,Nadia,Italy,August 2022
Panorama Sidari,9.0,staff cordiale  cibo molto buono e vario. Ottima vicinanza alla spiaggia e alle strutture per noleggiare auto e altri servizi. comodo per uscire alla sera anche con bambini. Animazione simpatica non brillante. camere molto spaziose  bagni un po' datati. tornerei certamente. la spiaggia a 5 minuti a piedi dal canale d'amore.,,Eleonora,Italy,August 2022
Panorama Sidari,10,ŒöŒ±ŒªŒÆ œÉœáŒ≠œÉŒ∑ œÄŒøŒπœåœÑŒ∑œÑŒ±œÇ-œÑŒπŒºŒÆœÇ. Œ©œÅŒ±ŒØŒ± œÑŒøœÄŒøŒ∏ŒµœÉŒØŒ±  Œ∫Œ±ŒªŒ≠œÇ œÄŒ±œÅŒøœáŒ≠œÇ Œ∫Œ±Œπ œÄŒøŒªœç œÄŒøŒªœç ŒöŒ±Œªœå œÜŒ±Œ≥Œ∑œÑœå (ŒºœÄŒøœÖœÜŒ≠œÇ). Œ£Œµ ŒµœÄœåŒºŒµŒΩŒø œÑŒ±ŒæŒØŒ¥Œπ œÉœÑŒ∑ŒΩ ŒöŒ≠œÅŒ∫œÖœÅŒ± Œ∏Œ± œÑŒø œÄœÅŒøœÑŒπŒºŒÆœÉŒøœÖŒºŒµ ŒæŒ±ŒΩŒ¨!!,,ŒöŒ≠ŒªŒªœÖ,Greece,August 2022
Panorama Sidari,8.0,l‚Äôorganizzazione di tutto  cibo bevande illimitate,,Eugenio,Italy,August 2022
Panorama Sidari,7.0,Bella posizione  ben servito con formula all inclusive,,Daniel,Italy,August 2022
Panorama Sidari,7.0,ottimo servizio di pensione completa,,Antonio,Italy,August 2022
Panorama Sidari,9.0,Struttura fantastica personale sempre disponibile ad accontentare tutte le richieste un ringraziamento speciale a Eva della reception per la sua disponibilit√† e un grazie infinite allo chef(che non ricordo il nome) che ogni giorno cucinava e portava personalmente la pastina per mio figlio. cibo ottimo e molto vario  all inclusive valido con bevande snack e anguria in piscina tutta la giornata  piscina grande e ben tenuta  l animazione presente ma non invadente ogni sera uno spettacolo o un gioco diverso grazie anche a voi... La distanza dal mare a mio parere non √® di 700 metri ma forse 400 la stessa del magnifico paesino di Sidari pieno di negozietti attrazioni e locali pub che ogni sera offrivano musica dal vivo veramente bravi... Ancora grazie per la splendida vacanza...,,Claudio,Italy,August 2022
Panorama Sidari,10,Kivalo volt minden  maximalis ajanlas!!,,Kovacslevi98,Hungary,August 2022
Panorama Sidari,7.0,Œ•œÄŒµœÅŒøœáŒø œÜŒ±Œ≥Œ∑œÑŒø  Œ•œÄŒµœÅŒøœáŒ∑ Œ∑ œÄŒπœÉŒπŒΩŒ± Œ§Œø œÄœÅŒøœÉœâœÄŒπŒ∫Œø œÄŒ±œÅŒ± œÄŒøŒªœÖ ŒµœÖŒ≥ŒµŒΩŒπŒ∫Œø Œ∫Œ±Œπ ŒµŒæœÖœÄŒ∑œÅŒµœÑŒπŒ∫Œø,,Giota,Greece,August 2022
Panorama Sidari,8.0,Mancarea este variata si gustoasa.,,Roxana,Romania,August 2022
Panorama Sidari,7.0,heel fijn zwembad met genoeg bedden.,,Alita,Netherlands,August 2022
Panorama Sidari,8.0,La posizione   la navetta elettrica   la cucina proponeva sempre qualche piatto molto buono per i gusti italiani  le bevande free,,Sandro,Italy,July 2022
Panorama Sidari,10,Il cibo era ottimo e anche il servizio bar con all inclusive fino alle ore 23.00. Personale sempre cordiale e disponibile. Ci hanno anche prenotato un taxi per il ritorno dall'hotel all'aeroporto!,,Valentina,Italy,July 2022
Panorama Sidari,9.0,L√§get var fantastiskt  det fanns en buss som k√∂rde folk till rummen hela dagarna f√∂r att de skulle slippa g√• i den branta backen. M√•nga i personalen var riktigt trevliga  men personalen i lilla supermarket var trevligast och mest hj√§lpsamma av de alla. Bra ordnat med aktiviteter f√∂r b√•de stora och sm√• med personal som var glada och engagerade. Bra mat,,Irina,Sweden,July 2022
Panorama Sidari,8.0,buffet molto ricco e vario,,Chiara,Italy,July 2022
Panorama Sidari,10,–í—Å–∏—á–∫–æ –±–µ—à–µ —á—É–¥–µ—Å–Ω–æ  –ø—Ä–∏–≤–µ—Ç–ª–∏–≤ –ø–µ—Ä—Å–æ–Ω–∞–ª  –º–Ω–æ–≥–æ –¥–æ–±—Ä–∞ —Ö—Ä–∞–Ω–∞  —Ç–∏—à–∏–Ω–∞ –∏ —Å—Ç—Ä–∞—Ö–æ—Ç–Ω–∞ –≥–ª–µ–¥–∫–∞,,Daniela,Bulgaria,July 2022
Panorama Sidari,9.0,La nourriture est excellente  la boisson est acceptable. La piscine est top. L'√©t√© une √©quipe d'animation est pr√©sente en journ√©e et le soir. L'h√¥tel est situ√© √† 5min des premi√®res plages et de la ville. Je recommande √† 100%,,Theomurta,France,July 2022
Panorama Sidari,10,Bardzo mi≈Ça obs≈Çuga  pyszne jedzenie  w pokojach by≈Ço czysto  przy basenie r√≥wnie≈º oraz blisko do pobliskich atrakcji,,Roksana,Poland,July 2022
Panorama Sidari,10,Tutto ok,,Andrea,Italy,July 2022
Panorama Sidari,9.0,Posizione ottima  personale gentile  variet√† di servizi offerti (auto noleggio  parcheggio  escursioni  animazione..)  camere ben arredate  dimensioni adatte e splendida vista. Molto buono anche il buffet (colazione  pranzo e cena)  ben organizzato  e con la possibilit√† di optare per il pranzo al sacco. Nonostante i commenti negativi sulla distanza delle camere  per noi era un plus  lontano dal rumore  con una tranquillit√† piacevole. Gli asciugamani vengono cambiati TUTTI i giorni a differenza di quanto detto da altre recensioni,,Cristina,Italy,July 2022
Panorama Sidari,7.0,Os quartos s√£o espa√ßosos e a vista soberba. No entanto  os colch√µes s√£o maus (com molas salientes) e o mobili√°rio do quarto bastante desgastado). As comidas s√£o boas  como portuguesa que sou  senti falta de mais variedade de carnes / peixes. Saladas e sobremesas bastante boas. A dist√¢ncia da praia n√£o √© grande  faz-se bem a p√©. Um ponto positivo que achei interessante foi o facto de haver motoristas com carros el√©tricos a levar as pessoas at√© aos seus quartos. Uma parte negativa foi o facto dos funcion√°rios do restaurante estarem constantemente √† procura de loi√ßa para levantar!! Fez-me sentir pressionada durante todas as refei√ß√µes! E o facto de ainda tirarem os pratos enquanto estamos a mastigar.... Mal. Na minha cultura isso √© falta de educa√ß√£o. Mas acredito que n√£o o fa√ßam por mal.... Resumindo  voltava para ficar poucas noites pela rela√ß√£o pre√ßo/qualidade e localiza√ß√£o. Ah  tenho de referir que a piscina era boa  quente e grande!!!,,Jessica,Portugal,July 2022
Panorama Sidari,9.0,La comida era excelente.  El camarero de la piscina walter y el conductor Nicola que te sube a la habitaci√≥n eran un amor  sin duda nos llevamos una gran experiencia.,,Mirella,Spain,July 2022
Panorama Sidari,10,"..Personalul era profi...atent la detalii mancarea era diversificata si gustoasa. Pe l√¢ngƒÉ mancarea gatita se faceau la grƒÉtar;frigarui carne de porc pui...pana la ora 17 la barul de la piscina erau clƒÉtite sandwish √Ænghe»õatƒÉ fructe. apa din piscina era calda muzica ok in fiecare seara era ""disco pentru copii"" si spectacole pentru adul»õi.pana la ora 23 era la barul de langa piscina bautura inclusa  dupa era contracost. Se putea juca tenis de masa  biliard  Plaja era la 5 min de mers pe jos Era magazin langa hotel bine aprovizionat Camerele erau undeva deasupra piscinei...era lini»ôte Un sejur reu»ôit",,Maria,Romania,July 2022
Panorama Sidari,8.0,A konyha pazar!,,Attila,Hungary,July 2022
Panorama Sidari,8.0,Molto buono il cibo  buffet ricco e vario.  Staff molto cordiale. Avevo chiesto di cambiare camera il primo giorno perch√© ci trovavamo lontano dai servizi e ci hanno subito soddisfatti.  Cocktail buoni  open bar con molta scelta. Posizione abbastanza comoda,,Marina,Italy,July 2022
Panorama Sidari,8.0,jedzenie,,Dariusz,Poland,June 2022
Panorama Sidari,8.0,De departe m√¢ncarea a fost NR 1!!!Mai putina risipa ca la resorturile din Turcia dar mult mai gustoasa »ôi mai calitativa!Piscina foarte curatƒÉ pozi»õia hotelului(10 min de mers pe jos pana la plaja) plaja Mojitos excelenta beneficiai de »ôezlonguri gratis toatƒÉ ziua cu o consuma»õia rezonabila 10-20‚Ç¨.Personalul mai mult dec√¢t amabil nota 10+ se implicau sa √Æ»õi satisfacƒÉ cererile!!!Femeile de serviciu schimbau la 1-2 zile prosoapele din camera.Nici vorba de meduza mov cum apare pe la noi prin media cel pu»õin eu nu am vƒÉzut nici una in Corfu!,,Catalin,Romania,June 2022
Panorama Sidari,10,jedlo a personal hodny 4* hotela  krasny vyhlad  blizko plaze  cisty bazen a vyborni animatori ,,Tom√°≈°,Slovakia,June 2022
Panorama Sidari,9.0,polecam hotel   codziennie sprzƒÖtane   wymieniane rƒôczniki   czysto wszƒôdzie   posi≈Çki smaczne i urozmaicone   rƒôczniki na basen i na plaze dostƒôpne za kaucjƒÖ i w razie potrzeby wymieniane   personel super   wszystko by≈Ço super   blisko do plazy i do kana≈Çu   niedaleko przystanek autobusowy z kt√≥rego kursujƒÖ autobusy do i z Korfu . sympatyczne miasteczko z du≈ºym wyborem bar√≥w   restauracji i sklep√≥w   sƒÖ r√≥wnie≈º markety spo≈ºywcze   wypo≈ºyczalnie samochod√≥w   przy plazy mo≈ºna wypo≈ºyczyƒá rower wodny i skorzystaƒá i innych atrakcji   polecam,,Dorota,Poland,June 2022
Panorama Sidari,9.0,Hotel je ƒçist√Ω  person√°l mil√Ω  j√≠dlo vynikaj√≠c√≠  denn√≠ i veƒçern√≠ animace prob√≠haj√≠. Hezk√Ω byl ≈ôeck√Ω veƒçer i kouzeln√≠k. Anim√°tor  kter√Ω vedl dƒõtsk√© disko si tanƒç√≠ pro sebe  mohl by v√≠ce s dƒõtma spolupracovat. Bylo by hezk√© kdyby veƒçer hr√°la aspo≈à hodinku hudba k tanci i pro dospƒõl√©. Hotel je um√≠stƒõn v kopci  ale k pokoj≈Øm V√°s doveze ≈ôidiƒç golfov√Ωm aut√≠ƒçkem. Obrovsk√° pochvala ≈ôidiƒçi - panu Nicolasovi  kter√Ω je srdcem hotelu  d√≠ky nƒõmu je v≈ædy den hezƒç√≠  porad√≠  rozesmƒõje. Vstup do pokoj≈Ø po p≈ô√≠kr√Ωch schodech  na pl√°≈æ k mo≈ôi doprava nen√≠  je to cca 5 minut proch√°zkou. Ale hezƒç√≠ pl√°≈æe jsou vzd√°lenƒõj≈°√≠  tak≈æe auto je v√Ωhodn√©. Mƒõsto Sidari je ≈æiv√©  spousta bar≈Ø  obch≈Ødk≈Ø  ale v hotelu je klid.,,Peter,Czech Republic,June 2022
Panorama Sidari,9.0,Pyszne jedzenie  widok z balkonu  stosunek jako≈õci do ceny  basen  animacje  melexy,,Artur,Poland,June 2022
Panorama Sidari,7.0,La posizione   la struttura a terrazzate   la vegetazione   la piscina e il ristorante tutto molto gradevole.Questo hotel ha senz altro un buon potenziale che per√≤ non viene sfruttato . Con poco sforzo riuscirebbero a migliorare molto  iniziando da un sorriso che costa davvero poco. Lo staff del ristorante √® gentilissimo e attento ad ogni richiesta  premuroso ed efficiente cos√¨ come il manager.,,Patrizia,Switzerland,June 2022
Panorama Sidari,8.0,La vista panoramica dalla stanza  con una bellissima alba sul mare. La cortesia dello staff.,,Nathalie,Italy,June 2022
Panorama Sidari,8.0,A szem√©lyzet kedves √©s seg√≠t≈ëk√©sz volt  a szoba tiszt√°n rendezetten v√°rt minket. Naponta takar√≠tottak.,,Bertu,Germany,June 2022
Panorama Sidari,8.0,Het eten was erg goed! Leuke entertainment!,,Maureen,Netherlands,May 2022
Panorama Sidari,8.0,Mi≈Ço i przyjemnie spƒôdzona podr√≥≈º po≈õ≈Çubna. Posi≈Çki bardzo dobre  r√≥≈ºnorodno≈õƒá da≈Ñ - ka≈ºdy znajdzie co≈õ dla siebie :-) Hotel czysty  po≈Ço≈ºony blisko morza (5 minut spacerkiem). Fajne miasteczko  by≈Ço gdzie siƒô przej≈õƒá na spacer. Jedyny minus to pogoda  ale na to ju≈º nikt nie ma wp≈Çywu :-D  Jak dla mnie hotel spe≈Çni≈Ç moje oczekiwania  wiƒôc ≈õmia≈Ço mogƒô zostawiƒá ocenƒô 5/5 :-D  Polecamy!,,Micha≈Ç,Poland,October 2021
Panorama Sidari,10,J'ai aim√© la piscine  le buffet  l'amabilit√© du personnel  les spectacles le soir.,,Sansan15,Switzerland,September 2021
Panorama Sidari,8.0,–ü—Ä–µ–∫—Ä–∞—Å–Ω—ã–π –ø–µ—Ä—Å–æ–Ω–∞–ª  –æ—Ç–ª–∏—á–Ω–æ–µ –ø–∏—Ç–∞–Ω–∏–µ   –£—Ö–æ–∂–µ–Ω–Ω–∞—è —Ç–µ—Ä—Ä–∏—Ç–æ—Ä–∏—è. –†–∞–¥—É—à–Ω–∞—è –∞—Ç–º–æ—Å—Ñ–µ—Ä–∞!!!,,–ò—Ä–∏–Ω–∞,Russia,October 2021
Panorama Sidari,10,nadherna lokalita  person√°l  jedlo,,Nikola,Slovakia,October 2021
Panorama Sidari,10,Strava v√Ωborn√°,,Ludmila,Slovakia,October 2021
Panorama Sidari,7.0,Pool war sch√∂n  Lage nah am Strand und gut f√ºr Ausfl√ºge,,Claudia,Germany,October 2021
Panorama Sidari,10,Hotel warty swej ceny  jedzenie dobre  jak na ofertƒô all in. Codziennie by≈Çy animacje mimo tego  ≈ºe byli≈õmy w pa≈∫dzierniku :) bardzo mi≈Ça i uprzejma obs≈Çuga i animatorzy  hotel dobry na bazƒô wypadowƒÖ  jak i do spƒôdzenia wiƒôkszej ilo≈õci czasu na miejscu :),,Patrycja2505,Poland,October 2021
Panorama Sidari,10,Top-Lage am Canal D‚ÄôAmour und Top-Ausblick  bombiges Buffet  nettes Personal  Top Aqua Gym und und und.,,Frank,Germany,October 2021
Panorama Sidari,9.0,*≈õwietne po≈Ço≈ºenie na zboczu g√≥ry- pokoje na piƒôtrach majƒÖ extra widok na morze (i taki mia≈Çy≈õmy)  *mia≈Çy≈õmy bezp≈Çatny upgrade pokoju na taki z antresolƒÖ  fajny du≈ºy przestrzenny pok√≥j z balkonem  *mega wygodne ≈Ç√≥≈ºka  lod√≥wka  tv  zestaw szklanek na wyposa≈ºeniu  *hotel ma niby tylko greckie 3*  ale na serio karmiƒÖ dobrze (!!!)  ≈õniadania: r√≥≈ºne opcje z jajek  fasolka w sosie  bekon i kie≈Çbaski  pieczone pomidorki  omlet  ser ≈º√≥≈Çty i wƒôdliny plus pieczywo  kt√≥re mo≈ºna sobie wrzuciƒá do tostera  bar z p≈Çatkami  bufet sa≈Çatkowy  codziennie rano sƒÖ pieczone na ≈õwie≈ºo gofry + bufet deserowy (owoce  ciasta  musiki  p√≥≈∫niej te≈º lody)  obiady: zawsze frytki  r√≥≈ºne miƒôso czerwone i kurczak  ryby w sosie  makaron dla dzieci  zapiekanki typu cannelloni  grillowane warzywa ≈õr√≥dziemnomorskie  opcje wege typu bak≈Ça≈ºan w sosie  zawsze zupa  bar sa≈Çatkowy i z deserami  feta zawsze w du≈ºej ilo≈õci  oliwki  tapenady  kapary itp. tzatziki gƒôste przepyszne  kolacje to drugi obiad + zawsze kucharz serwuje miƒôso z pieca  kt√≥re kroi na ≈ºywo: ≈õwietna wo≈Çowina  indyk etc. Za≈Çapali≈õmy siƒô podczas pobytu na wieczorek meksyka≈Ñski z nachosami  kukurydzƒÖ z grilla  enchiladami itp. Drugi wieczorek typowo grecki: grill  jagniƒôcina  kalmary  kr√≥lik  dakos  fava itp. ≈ªarcia w op√≥r i smaczneüòÅ by≈Çy te≈º w dzie≈Ñ przekƒÖski przy basenie  ale nie mia≈Çy≈õmy w og√≥le potrzeby dojadaƒá *od 8 do p√≥≈Çnocy po terenie hotelu je≈∫dzi za darmo melex  kt√≥ry rozwozi i przywozi go≈õci pod pokoje i do budynku g≈Ç√≥wnego  *pokoje codziennie sprzƒÖtane i ≈õcielone ≈Ç√≥≈ºka  *w opcji all inc.,,Ula,Poland,September 2021
Panorama Sidari,9.0,El personal y la atencion... Sin duda regreso. La comida deliciosa variada. La atenci√≥n las instalaciones en general son muy c√≥modas. Esta cerca del centro puedes irte andando a las playas al t√∫nel del amor.,,Donehil,Spain,September 2021
Panorama Sidari,10,il buffet era buono e ricco  avevamo un ampia scelta. la posizione dell'albergo √® ottima con una vista mozzafiato.,,Faby,Italy,September 2021
Panorama Sidari,10,Bardzo udany pobyt. ≈öwietna obs≈Çuga  jedzenie i wszystko na du≈ºe TAK. Lokalizacja super  piƒôkny widok z okna. Menad≈ºerka Vula bardzo sympatyczna i pomocna. Polecamy ka≈ºdemu z czystym sumieniem. Hotel przer√≥s≈Ç nasze oczekiwania biorƒÖc pod uwagƒô cenƒô. Chƒôtnie tam wr√≥cimy üôÇ,,Michal,Poland,August 2021
Panorama Sidari,10,Obs≈Çuga absolutnie fantastyczna  je≈ºeli chodzi o jedzenie- ka≈ºdy znajdzie co≈õ dla siebie,,Ewa,Poland,August 2021
Panorama Sidari,9.0,Plaja destul de aproape 10 min de mers pe jos »ôi cu nisip at√¢t jn apa c√¢t »ôi pe plaja FARA SCOICI sau ALGE!!!!Chiar nea»ôteptat de curatƒÉ!M√¢ncarea destul de buna nu rabatul care se face la turci insa mult mai calitativa mai gustoasa.Foarte aten»õi cu clien»õi pana »ôi la plecare am fost intrebat ‚ÄúdacƒÉ am vreo nemul»õumire‚Äù de»ôi ei practic √Æ»ôi luaserƒÉ banii puteau sa nu ii mai intereseze acest aspect!!!!,,Catalin,Romania,August 2021
Panorama Sidari,9.0,Personnels super agr√©able . Vue et panorama magnifique,,Najat,Belgium,August 2021
Panorama Sidari,9.0,Œó œÑŒøœÄŒøŒ∏ŒµœÉŒØŒ± ŒµŒæŒ±ŒπœÅŒµœÑŒπŒ∫Œ∑ Œ∫Œ±Œ∏œâœÇ Œ∫Œ±Œπ œÑŒ± œÜŒ±Œ≥Œ∑œÑŒ¨ œÄŒøœÖ ŒπŒ∫Œ±ŒΩŒøœÄŒøŒπŒøœçŒΩ œåŒªŒ± œÑŒ± Œ≥ŒøœçœÉœÑŒ±,,Twin,Greece,August 2021
Panorama Sidari,9.0,Przepiƒôkne widoki z pokoju  nazwa hotelu idealnie odzwierciedla stan faktyczny :) podw√≥jne drzwi balkonowe zas≈ÇaniajƒÖce 100% promieni s≈Çonecznych (trochƒô gorzej z wygluszaniem d≈∫wiƒôk√≥w) pozwoli≈Çy na d≈Çugi  spokojny sen. Przemili i pomocni ludzie z obs≈Çugi - na recepcji  w restauracji  przy barze  w serwisie sprzƒÖtajƒÖcym i kierowcy melex√≥w! Zero wyjƒÖtk√≥w! Wszƒôdzie witano nas u≈õmiechem i czuli≈õmy siƒô niemal jak w domu. Przyjemny  nienachalny  choƒá powtarzalny program animacji dla dzieci i doros≈Çych  prowadzony fantastyczny team animator√≥w (pozdrawiamy ekipƒô Forever Fun - Ivatsa  Veronikƒô  Nedko i Martina!). Co wiecz√≥r inny temat animacji  raz by≈Ç quiz muzyczny  innego dnia wiecz√≥r grecki itd. Lunche i kolacje r√≥≈ºnorodne  bardzo dobre  ka≈ºdy z pewno≈õciƒÖ znajdzie co≈õ dla siebie. Bardzo smaczne drinki na barze  spory wyb√≥r i nie ≈ºa≈Çowano alkoholu! :D  Czysty  do≈õƒá g≈Çƒôboki basen  tylko m√≥g≈Çby byƒá nieco wiƒôkszy.,,Dorota,Poland,August 2021
Panorama Sidari,8.0,L'accueil √† l'arriv√©e  le personnel en g√©n√©ral est tr√®s √† l'√©coute et tr√®s agr√©able.  Petit d√©jeuner copieux et les repas assez diversifi√©s.  La situation g√©ographie nous a permis de sillonner une bonne partie de l'√Æle en scooter.,,Didier,France,August 2021
Panorama Sidari,9.0,Servicii deosebite  oameni muncitori  curatenie si panorama deosebita. Confortul in camere mai suporta imbunatatiri.,,Hiri,Romania,August 2021
Panorama Sidari,9.0,Hotelul arata mult mai dragut ca in poze  mancarea delicioasa si variata  iar echipa de animatori a fost fantastica.,,Diana,Romania,July 2021
Panorama Sidari,10,Hotel by≈Ç ≈õwietny  na ≈ºywo wyglƒÖda≈Ç jeszcze lepiej ni≈º na zdjƒôciu. Jedzenie wy≈õmienite. Personel przemi≈Çy! Polecam gorƒÖco!!,,Faustyna,Poland,August 2021
Panorama Sidari,6.0,Cordiali e disponibili  la pulizia √® buona il tutti i locali  la parte del ristorante  la hall  la reception e la zona piscina √® tutta in stile moderno quindi credo  e spero  che siano in fase di crescita anche con le stanze. La pecca √® una ripida salita che separa l' ingresso dalle camere ma hanno messo a disposizione una macchina elettrica e un autista che sale e scende quando viene chiamato dai clienti. Ottimo il buffet  la colazione √® varia ma non ho mai avuto bisogno di richiedere prodotti senza glutine o lattosio o altro ma conoscendo lo staff credo che avrebbero provveduto senza problemi. Pranzo e cena vari e abbondanti  per noi Italiani √® complicato trovare una buona cucina all' estero ma devo dire che qui non abbiamo avuto problemi  noi ci adattiamo molto alla cucina locale ma essendo molto speziata  se non ci andava un piatto  avevamo una vasta scelta su tutto il resto. il personale in sala √® molto attento ad esserci quando deve  ripeto la pulizia e il decoro. Possibilit√† di Lunch o Dinner box se non si rientra in tempo per il pasto. Ottimo! Tutto!,,Denise,Italy,September 2022
Panorama Sidari,6.0,il buffet era molto vario sconsiglio solo la pasta mentre per quanto riguarda la struttura era molto vicina alla spiaggia e al centro del paese,,Mattia,Italy,September 2022
Panorama Sidari,4.0,la piscina  la cordialit√† del personale (quasi tutto) e le dimensioni della stanza,,Barbara,Italy,September 2022
Panorama Sidari,2.0,ŒòŒ≠Œ±,,Spyros,Cyprus,July 2022
Panorama Sidari,2.0,le choix  la qualit√© de la nourriture et la wifi disponible dans les chambres. les espaces vert entretenus  la situation qui permet de se rendre √† pied au centre de Sidari.,,Valerie,France,July 2022
Panorama Sidari,4.0,Mi √® piaciuta la disposizione della struttura   con svariati stabili a terrazzate con vista mare . Il personale del ristorante attento cordiale e disponibile. Complimenti al manager di sala.,,Patrizia,Switzerland,June 2022
Panorama Sidari,5.0,Non saprei dire ‚Ä¶.,,Valeriu,Italy,June 2022
Panorama Sidari,1.0,Niestety obiekt Sidari nie byl otwarty.,,Joanna,United Kingdom,August 2020
Panorama Sidari,9.0,Sehr nettes und tuvorkommendes Personal  reichhaltiges Buffet  Unterhaltungsprogramm am Abend,,Anonymous,Switzerland,June 2022
Panorama Sidari,8.0,Det var fine glas √∏l og det smagte godt  God mad  Venligt personale  Fin lille landsby hvor det tog max 10 min at g√• til strand og bar gaden . Fir en hurtig g√•ende 5 min .,,Anonymous,Denmark,September 2021
Panorama Sidari,10,Das Hotel hat eine solide Lage  einen gro√üen sauberen Pool  Essen f√ºr jeden Geschmack. Das Personal war √§u√üerst freundlich  besonders die Dame an der Rezeption  Ivana. Alle Empfehlungen.,,Anonymous,Austria,August 2021
Panorama Sidari,8.0,Chauffeur de voiture Nickolas tr√®s agr√©able Repas vari√©s m√™me pour les v√©g√©tarien. Personnel agr√©able,,Anonymous,France,August 2021
Panorama Sidari,7.0,There are no comments available for this review,,Heath,United Kingdom,September 2022
Panorama Sidari,9.0,There are no comments available for this review,,Kovacs,Romania,August 2022
Panorama Sidari,10,There are no comments available for this review,,John,United Kingdom,October 2022
Panorama Sidari,10,There are no comments available for this review,,Aleksei,Russia,September 2022
Panorama Sidari,9.0,There are no comments available for this review,,Megija,Latvia,September 2022
Panorama Sidari,7.0,There are no comments available for this review,,Liam,United Kingdom,August 2022
Panorama Sidari,9.0,There are no comments available for this review,,Mindaugas,Lithuania,July 2022
Panorama Sidari,10,There are no comments available for this review,,Sigita,Norway,August 2022
Panorama Sidari,9.0,There are no comments available for this review,,Irina,United Kingdom,July 2022
Panorama Sidari,9.0,There are no comments available for this review,,Daniel,Czech Republic,June 2022
Panorama Sidari,8.0,There are no comments available for this review,,Viktorija,Denmark,June 2022
Panorama Sidari,9.0,There are no comments available for this review,,Peter,United Kingdom,June 2022
Panorama Sidari,10,There are no comments available for this review,,Apopei,United Kingdom,June 2022
Panorama Sidari,9.0,There are no comments available for this review,,Daniela,Czech Republic,October 2021
Panorama Sidari,10,There are no comments available for this review,,Kerry,United Kingdom,October 2021
Panorama Sidari,10,There are no comments available for this review,,Standa,,September 2021
Panorama Sidari,8.0,There are no comments available for this review,,Mia,United Kingdom,September 2021
Panorama Sidari,7.0,There are no comments available for this review,,Atanas,Bulgaria,August 2021
Panorama Sidari,8.0,There are no comments available for this review,,Ainars,Latvia,August 2021
Panorama Sidari,6.0,There are no comments available for this review,,Denisa,Romania,August 2022
Panorama Sidari,6.0,There are no comments available for this review,,Adriana,United Kingdom,August 2022
Panorama Sidari,10,There are no comments available for this review,,Anonymous,Australia,August 2022
Panorama Sidari,9.0,There are no comments available for this review,,Anonymous,United Kingdom,October 2021
Panorama Sidari,8.0,There are no comments available for this review,,Zuzana,Slovakia,September 2022
Panorama Sidari,8.0,There are no comments available for this review,,Aurelian,Romania,August 2022
Panorama Sidari,8.0,There are no comments available for this review,,Mateusz,Poland,October 2022
Panorama Sidari,7.0,There are no comments available for this review,,Giuseppe,Italy,October 2022
Panorama Sidari,7.0,There are no comments available for this review,,Giulia,Italy,October 2022
Panorama Sidari,7.0,There are no comments available for this review,,Felder,Germany,October 2022
Panorama Sidari,10,There are no comments available for this review,,Katarzyna,Poland,October 2022
Panorama Sidari,7.0,There are no comments available for this review,,Antje,Germany,September 2022
Panorama Sidari,8.0,There are no comments available for this review,,Francesca,Italy,September 2022
Panorama Sidari,10,There are no comments available for this review,,Klaudia,Poland,September 2022
Panorama Sidari,9.0,There are no comments available for this review,,Dominik,Germany,September 2022
Panorama Sidari,8.0,There are no comments available for this review,,Federico,Belgium,August 2022
Panorama Sidari,7.0,There are no comments available for this review,,Kamil,Poland,August 2022
Panorama Sidari,9.0,There are no comments available for this review,,Larisa,Germany,September 2022
Panorama Sidari,10,There are no comments available for this review,,Alesia,Belarus,September 2022
Panorama Sidari,8.0,There are no comments available for this review,,Sirpa,Finland,September 2022
Panorama Sidari,9.0,There are no comments available for this review,,Sirpa,Finland,September 2022
Panorama Sidari,9.0,There are no comments available for this review,,Nadea,Italy,September 2022
Panorama Sidari,7.0,There are no comments available for this review,,Ludek,Czech Republic,August 2022
Panorama Sidari,8.0,There are no comments available for this review,,Anna,Poland,August 2022
Panorama Sidari,8.0,There are no comments available for this review,,Giorgos,Greece,August 2022
Panorama Sidari,10,There are no comments available for this review,,ŒúŒ±œÅŒπœÑŒπŒΩŒ±,Greece,August 2022
Panorama Sidari,7.0,There are no comments available for this review,,Kezia,France,July 2022
Panorama Sidari,9.0,There are no comments available for this review,,Carolina,Spain,July 2022
Panorama Sidari,7.0,There are no comments available for this review,,Cristina,Italy,August 2022
Panorama Sidari,8.0,There are no comments available for this review,,Toma,Romania,July 2022
Panorama Sidari,10,There are no comments available for this review,,Julia,Romania,August 2022
Panorama Sidari,10,There are no comments available for this review,,Viktoryia,Ireland,May 2022
Panorama Sidari,9.0,There are no comments available for this review,,M√°rta,Hungary,July 2022
Panorama Sidari,9.0,There are no comments available for this review,,Simon,Sweden,July 2022
Panorama Sidari,8.0,There are no comments available for this review,,Olga,Czech Republic,July 2022
Panorama Sidari,8.0,There are no comments available for this review,,Simona,Slovakia,July 2022
Panorama Sidari,8.0,There are no comments available for this review,,Stefano,Italy,July 2022
Panorama Sidari,10,There are no comments available for this review,,Fatlum,Austria,July 2022
Panorama Sidari,8.0,There are no comments available for this review,,Jan,Iceland,July 2022
Panorama Sidari,7.0,There are no comments available for this review,,Lene,Denmark,July 2022
Panorama Sidari,8.0,There are no comments available for this review,,Marek,Czech Republic,July 2022
Panorama Sidari,8.0,There are no comments available for this review,,Liesbet,Belgium,July 2022
Panorama Sidari,9.0,There are no comments available for this review,,Pavel,Germany,June 2022
Panorama Sidari,9.0,There are no comments available for this review,,Ivano,Romania,June 2022
Panorama Sidari,10,There are no comments available for this review,,Giorgia,Italy,June 2022
Panorama Sidari,10,There are no comments available for this review,,Andrea,Hungary,May 2022
Panorama Sidari,8.0,There are no comments available for this review,,Mindaugas,Lithuania,June 2022
Panorama Sidari,10,There are no comments available for this review,,Dominika,Poland,June 2022
Panorama Sidari,9.0,There are no comments available for this review,,Massimo,Italy,May 2022
Panorama Sidari,7.0,There are no comments available for this review,,Eva,Czech Republic,October 2021
Panorama Sidari,9.0,There are no comments available for this review,,Luk√°≈°,Czech Republic,October 2021
Panorama Sidari,10,There are no comments available for this review,,Anna,Italy,October 2021
Panorama Sidari,8.0,There are no comments available for this review,,Kamila,Poland,September 2021
Panorama Sidari,7.0,There are no comments available for this review,,Lucyna,Poland,September 2021
Panorama Sidari,7.0,There are no comments available for this review,,Ann-kristin,Canada,August 2021
Panorama Sidari,10,There are no comments available for this review,,Attila,Hungary,August 2021
Panorama Sidari,7.0,There are no comments available for this review,,Kriszti√°n,Hungary,August 2021
Panorama Sidari,10,There are no comments available for this review,,Bartosz,Poland,August 2021
Panorama Sidari,10,There are no comments available for this review,,Ervin,Hungary,August 2021
Panorama Sidari,10,There are no comments available for this review,,Roman,Slovakia,August 2021
Panorama Sidari,8.0,There are no comments available for this review,,Wojciech,Poland,August 2021
Panorama Sidari,10,There are no comments available for this review,,Mariusz,Poland,August 2021
Panorama Sidari,7.0,There are no comments available for this review,,Viola,Italy,August 2021
Panorama Sidari,10,There are no comments available for this review,,Tomasz,Poland,August 2021
Panorama Sidari,10,There are no comments available for this review,,Tomasz,Poland,August 2021
Panorama Sidari,10,There are no comments available for this review,,Ioana,Italy,August 2021
Panorama Sidari,9.0,There are no comments available for this review,,Dionysios,Greece,August 2021
Panorama Sidari,10,There are no comments available for this review,,Dorte,Denmark,August 2021
Panorama Sidari,4.0,There are no comments available for this review,,Katarina,Sweden,August 2022
Panorama Sidari,6.0,There are no comments available for this review,,Magdalena,Poland,June 2022
Panorama Sidari,10,There are no comments available for this review,,Anonymous,Poland,September 2022
Sugar and Almonds,10,perfect location wonderful view very clean great space,showers leaked a bit but minor issue,Amanda,United Kingdom,September 2022
Sugar and Almonds,10,It is fantastic!!,Nothing,Marian,Bulgaria,August 2022
Sugar and Almonds,10,Excellent location and host. The apartment has a gorgeous view. it was clean and comfortable. Beach and many restaurants at few minutes walk. ideal for a family with 1-2 kids.,,Stefan,France,August 2022
Sugar and Almonds,10,wonderful apartments- clean and stylish. great location.,nothing,Isabelle,United Kingdom,July 2022
Sugar and Almonds,10,Met on our arrival by our host Pepi. She is a lovely lady and nothing is too much trouble for her. She is very proud of her apartments and it‚Äôs shows as they are immaculate! The lady that cleans the apartments works extremely hard and it was lovely to come back deer a day out to fresh towels and bedding. The property was modern  spacious and very comfortable . We had 4 balconies with ample seating space. if you wanted to cook there was everything available in the open plan kitchen. excellent aircon  fly screens . Beautiful sunsets every night from the balcony. within walking distance of thee wonderful beach  tavernas and supermarkets.  Will return,one small gripe if using the shower over the bath it tended to flood the floor. This was the only thing I could think of as everything else was amazing.,Lisa,United Kingdom,June 2022
Sugar and Almonds,8.0,Location was good. Peace and quiet was good  lovely to hear the sea in the night. TV and wifi were good. Apartment was very attractive. Pepi was very helpful.,We are avid readers so we felt more reading lamps would have been a benefit. A medium size saucepan would have been good  there was only one smallish one and one huge one. Though there was lots of crockery  glassware  good sharp knives.,Barbara,United Kingdom,October 2021
Sugar and Almonds,10,We really loved our stay at Sugar and Almond. Our flight was really delayed and we arrived very late at night but Pepi was right there to welcome us. She responded very quickly to any questions we had during booking  after our arrival and during our stay. Our apartment (biscoto) was on the upper floor. We were welcomed with a lovely fruit basket and a bottle of wine. The apartment was new  modern  really spacious and very clean. All the rooms including the two bedrooms had the sea view and sizable terraces in front. The decor was neutral and tasteful. We really liked additional little balconies off the kitchen and next to the bathroom where we could dry our beach towels on the provided rack. That way the front terraces were free of our beach stuff. The apartment was nicely furnished and the kitchen well equipped. There was a plenty of built-ins to store our things comfortably. There was a cleaning service daily by a lovely lady for whom nothing was a problem. We loved the close proximity to the beach and the beautiful sunsets in peaceful surroundings. Agios Stefanos is a quiet town with plenty of restaurant options  bakeries and a few grocery stores  one being a short walk from the property. We really loved Manthos Restaurant and the Waves Taverna on the beach. The apartment was beautiful and I do not think the pictures do it justice. Thank you Pepi for hosting us and for a beautiful parting gift.,,Gosha,United States,August 2021
Sugar and Almonds,9.0,Great location. Stunning view. Everything you need and really clean. Great air conditioning. 2 minutes walk to the supermarket  3 minutes from beach and lots of fabulous restaurants and bars also within a few minutes walk. This is our second stay here and we‚Äôll definitely be back.,,Debbie,United Kingdom,August 2021
Sugar and Almonds,10,Wonderful place to stay  amazing host Pepi üíõ,Comfort,Thomas,Lithuania,July 2021
Sugar and Almonds,10,The apartment is in a perfect location  about 1 minute walk from the beach and stunning views of the sea from every front facing room and balcony. The apartment is modern  spacious  well equipped and spotlessly clean. Communication from Pepi was excellent and she was very friendly and helpful on arrival. Can't recommend this place enough!,Nothing.,Andy,United Kingdom,September 2020
Sugar and Almonds,10,Great apartment  so spacious  ideal location  we loved it. The owners were great communicators and made us very welcome.,Balcony isn't very private at the price  there are 4 apartments as part of the place  if you're on the ground floor you'll be passed by everyone else as they come in. All very friendly but worth knowing.,Anonymous,Tanzania,August 2021
Sugar and Almonds,8.0,"Die Gastgeberin Pepi war sehr freundlich. 2 Flaschen Wasser waren vorhanden. Die Abholung vom Flughafen hat suoer geklappt. Der Blick vom Balkon war sehr sch√∂n. (Sonnenuntergangsseite) Die K√ºche ist gut ausgestattet. Ein Supermarkt ist 100 Meter entfernt. Es gibt viele Restaurants in der N√§he. Das Restaurant ""Waves"" k√∂nnen wir empfehlen. Bei Verzehr kann man die Strandliegen kostenlos nutzen.",,Manjeet,Germany,September 2022
Sugar and Almonds,10,–í—Å–∏—á–∫–æ.,,Georgi,Bulgaria,August 2022
Sugar and Almonds,9.0,Die Lage des Hauses ist perfekt! Man l√§uft nur wenige Minuten runter zum Strand  sowie zum Supermarkt und Restaurants. In der Wohnung weht eine angenehme Meeresbrise und nachts h√∂rt man nat√ºrlich das Meeresrauschen. Die Wohnung ist riesig und hat eine tolle Ausstattung  sodass man auch mal was kochen kann. An allen T√ºren und Fenstern sind Fliegengitter  die man auch braucht. Einfach jedes Zimmer hat einen Balkon! Abends hat man perfekten Blick auf den wundersch√∂nen Sonnenuntergang √ºber dem Meer. Auch die Agios Stefanos Bucht ist traumhaft mit dem tollen langen Sandstrand. Fast jeden Tag kommt eine Reinigungskraft  was wir aber nicht unbedingt ben√∂tigt h√§tten. Noch ein gro√üer Bonus: Unten in der Garage ist alles voller Strandausstattung f√ºr die ganze Familie von Luftmatratzen √ºber Sandspielzeug und Schnorcheln  alles dabei.,,Mialein,Germany,June 2022
Sugar and Almonds,9.0,super Blick  gut ausgestattet  sehr hilfreiche Vermieterin,,Daniel,Germany,June 2022
Sugar and Almonds,9.0,La propietaria Pepi  muy amable y atenta. La ubicaci√≥n es muy buena  con unas vistas estupendas  y el equipamiento general de la vivienda es muy completo.,,Luis,Spain,August 2021
